moisture,temperature,ph,ec,nitrogen,phosphorus,potassium,disease
20.0,21.2,5.84,374.0,56.5,42.2,41.7,common_scab
23.4,21.7,5.5,579.1,58.1,31.0,47.8,common_scab
22.2,20.0,5.56,576.5,41.3,45.5,47.9,common_scab
21.6,22.8,5.69,566.2,41.0,32.7,37.5,common_scab
27.3,20.2,5.37,531.0,53.0,49.8,49.5,common_scab
21.0,19.4,5.45,364.2,47.8,46.0,45.4,common_scab
28.3,19.7,5.5,596.9,43.7,32.9,32.4,common_scab
24.1,23.4,5.35,588.1,49.1,38.7,32.6,common_scab
26.6,18.5,5.8,514.6,51.5,46.9,30.7,common_scab
22.4,20.8,5.85,527.1,58.7,50.0,32.2,common_scab
22.6,20.6,5.27,309.1,57.6,45.4,47.3,common_scab
20.9,22.2,5.56,349.3,57.9,40.5,33.4,common_scab
15.2,18.3,5.26,466.2,59.1,35.7,45.9,common_scab
15.2,18.8,5.79,577.1,40.8,36.4,42.6,common_scab
21.5,18.0,5.36,301.0,46.6,47.5,31.4,common_scab
25.5,22.4,5.5,547.5,56.5,50.0,42.5,common_scab
29.8,21.4,5.77,455.3,40.0,32.2,30.5,common_scab
19.0,19.0,5.5,577.0,54.8,39.6,44.6,common_scab
23.2,21.4,5.9,335.5,57.0,36.7,44.1,common_scab
25.4,23.7,5.89,421.5,50.6,33.6,47.1,common_scab
26.1,21.1,5.29,403.3,46.8,43.5,48.4,common_scab
15.0,22.3,5.53,553.5,54.0,34.9,47.1,common_scab
25.2,23.3,5.69,491.0,57.1,37.8,41.0,common_scab
20.1,18.7,5.52,519.8,55.9,36.7,38.9,common_scab
26.1,20.4,5.48,371.7,54.9,40.6,46.2,common_scab
19.8,18.8,5.85,317.1,50.9,32.2,43.7,common_scab
26.0,18.9,5.92,485.0,48.5,38.1,34.7,common_scab
17.5,20.5,5.41,376.9,54.4,34.2,40.9,common_scab
17.2,23.0,5.75,407.0,48.9,32.4,46.5,common_scab
18.2,19.1,5.78,369.7,58.4,46.4,42.6,common_scab
27.6,23.0,5.27,387.2,54.5,35.4,33.4,common_scab
28.9,21.4,5.88,515.4,59.8,32.5,45.3,common_scab
15.8,21.1,5.32,430.4,56.1,33.4,41.1,common_scab
18.9,19.6,5.33,495.3,40.7,43.1,47.8,common_scab
16.7,22.3,5.35,534.9,47.0,40.2,44.4,common_scab
24.0,22.5,5.69,560.3,46.7,44.0,48.7,common_scab
22.7,21.9,5.88,580.4,50.6,45.3,38.3,common_scab
23.7,18.8,5.58,596.1,40.2,31.3,42.1,common_scab
19.9,19.0,5.76,333.4,54.5,48.0,47.4,common_scab
24.4,18.5,5.8,333.2,44.0,46.9,44.7,common_scab
26.6,21.6,5.88,330.8,48.3,38.3,46.5,common_scab
16.1,21.3,5.4,551.1,49.4,35.3,46.4,common_scab
28.3,20.9,5.53,573.6,44.7,35.8,34.3,common_scab
16.8,22.9,5.3,517.2,43.1,30.9,41.9,common_scab
22.2,23.1,5.22,404.7,47.3,39.7,49.1,common_scab
16.8,18.8,5.61,402.2,55.0,39.9,45.0,common_scab
27.0,22.4,5.3,439.7,41.9,47.5,47.6,common_scab
19.6,20.9,5.3,329.3,41.0,45.3,30.4,common_scab
19.7,20.1,5.42,477.6,45.5,40.1,47.7,common_scab
18.9,21.8,5.29,331.4,50.4,44.6,36.2,common_scab
17.8,23.7,5.97,312.2,59.0,42.6,44.7,common_scab
29.5,20.7,5.34,450.3,41.0,44.8,43.1,common_scab
17.1,18.9,5.41,425.0,51.6,33.1,49.8,common_scab
26.0,24.0,5.92,347.5,56.4,37.6,35.3,common_scab
15.5,18.5,5.55,436.5,49.9,30.7,38.7,common_scab
20.6,18.1,5.51,546.0,41.8,46.8,30.2,common_scab
27.0,23.7,5.43,434.1,41.3,37.6,39.8,common_scab
25.1,20.3,5.95,465.5,45.0,47.3,41.4,common_scab
25.8,21.8,5.55,403.3,58.2,49.0,47.9,common_scab
27.0,18.8,5.99,307.8,53.1,31.4,33.0,common_scab
21.1,20.3,5.59,346.7,50.8,47.5,42.1,common_scab
28.0,18.1,5.59,480.2,43.5,34.1,48.1,common_scab
20.7,23.9,5.73,416.6,56.0,42.5,38.2,common_scab
29.4,23.5,5.2,397.2,47.2,34.0,42.8,common_scab
29.7,19.8,5.28,372.6,49.8,46.2,45.4,common_scab
15.1,20.0,5.9,437.1,43.6,36.3,49.8,common_scab
15.3,23.5,5.65,321.2,52.9,41.3,43.1,common_scab
23.0,19.5,5.51,471.2,51.5,46.6,47.9,common_scab
25.6,23.7,5.66,392.6,45.3,47.9,34.2,common_scab
28.1,18.9,5.26,357.4,51.8,31.7,47.3,common_scab
16.0,19.3,5.85,571.8,52.7,32.1,42.9,common_scab
18.8,22.9,5.22,314.8,44.1,32.3,47.5,common_scab
29.1,20.2,5.26,326.5,41.9,34.3,40.3,common_scab
20.2,21.9,5.86,588.7,44.2,30.5,41.7,common_scab
21.5,18.5,5.3,503.4,44.8,47.7,43.6,common_scab
25.5,23.5,5.8,482.6,58.7,42.2,32.6,common_scab
26.0,19.3,5.95,302.4,49.6,47.4,41.4,common_scab
26.2,23.7,5.68,435.6,47.6,45.5,32.5,common_scab
20.6,22.6,5.62,386.2,54.5,44.3,34.9,common_scab
19.2,21.8,5.58,337.3,41.4,46.6,46.6,common_scab
17.9,22.5,5.83,592.6,51.3,33.1,33.5,common_scab
28.2,19.7,5.56,438.7,59.5,47.2,42.1,common_scab
17.0,23.8,5.34,336.3,40.5,39.8,46.3,common_scab
18.0,18.0,5.3,429.5,48.6,36.8,41.3,common_scab
23.7,19.7,5.32,303.0,49.3,45.3,33.8,common_scab
26.5,20.5,5.55,521.3,55.4,48.4,31.4,common_scab
20.5,22.3,5.65,550.9,57.2,35.6,43.6,common_scab
16.9,21.3,5.51,503.5,54.8,33.4,40.7,common_scab
29.1,19.7,5.22,474.8,43.5,41.9,40.6,common_scab
15.8,23.5,5.97,591.7,57.1,46.7,41.4,common_scab
17.5,22.9,5.42,354.1,57.5,42.4,35.4,common_scab
20.9,22.7,5.34,418.4,45.7,37.0,43.1,common_scab
16.2,19.1,5.32,446.7,44.1,31.7,31.7,common_scab
24.7,18.3,5.87,325.0,56.3,41.8,38.7,common_scab
20.7,21.1,5.36,555.8,59.7,35.5,37.1,common_scab
16.5,22.5,5.82,594.8,42.1,40.1,44.5,common_scab
27.3,19.3,5.73,511.4,58.2,44.7,35.0,common_scab
23.4,23.6,5.99,305.4,58.8,39.6,43.0,common_scab
27.5,20.0,5.57,374.1,47.4,34.7,33.2,common_scab
20.4,21.7,5.77,381.4,52.3,41.2,30.8,common_scab
27.9,20.1,5.28,560.6,58.6,30.8,40.1,common_scab
25.2,20.0,5.74,359.9,40.3,32.6,45.2,common_scab
27.6,20.9,5.46,485.1,40.5,45.0,48.9,common_scab
27.2,20.9,5.64,474.4,44.9,34.4,43.1,common_scab
22.7,18.9,5.3,491.4,40.6,38.5,32.5,common_scab
15.1,20.0,5.67,595.2,52.0,40.4,32.8,common_scab
16.0,22.9,5.66,350.2,54.3,43.0,32.5,common_scab
25.7,18.6,5.47,570.8,51.7,35.8,38.7,common_scab
26.7,22.8,5.35,350.8,59.5,45.7,46.7,common_scab
19.4,23.3,5.33,373.5,57.5,32.5,36.9,common_scab
18.2,20.9,5.64,365.1,51.8,41.7,43.0,common_scab
19.5,19.0,5.77,427.2,40.9,31.1,40.0,common_scab
18.1,22.9,5.77,346.8,40.2,33.3,47.1,common_scab
15.0,22.5,5.53,300.1,44.2,31.5,46.1,common_scab
15.6,18.5,5.33,444.1,56.0,40.0,32.7,common_scab
24.3,21.3,5.42,412.3,41.6,33.1,48.5,common_scab
22.7,21.9,5.95,362.3,42.6,31.4,44.3,common_scab
15.5,21.7,5.79,588.7,43.6,32.6,30.9,common_scab
23.6,20.7,5.82,352.1,42.2,32.2,45.0,common_scab
30.0,18.6,5.61,426.4,41.9,48.8,37.8,common_scab
28.3,23.5,5.74,319.7,41.8,34.2,46.5,common_scab
17.2,21.9,5.22,374.1,59.1,40.4,33.0,common_scab
25.6,23.8,5.87,539.9,46.3,45.2,31.1,common_scab
17.3,23.7,5.81,445.8,45.2,40.3,45.6,common_scab
17.8,22.8,5.79,330.4,47.3,47.6,35.9,common_scab
15.6,20.8,5.35,336.4,45.7,30.3,41.7,common_scab
29.0,23.1,5.66,317.5,56.2,31.7,40.0,common_scab
22.0,22.9,5.56,531.3,46.3,39.8,36.7,common_scab
21.6,20.7,5.26,566.8,55.7,48.9,47.2,common_scab
16.7,18.9,5.94,306.4,41.1,42.5,39.0,common_scab
20.1,19.8,5.31,545.5,47.1,31.8,42.2,common_scab
26.9,20.3,5.82,596.6,47.0,41.1,45.7,common_scab
20.6,23.9,5.86,484.0,56.6,36.5,43.9,common_scab
25.5,20.2,5.56,400.1,57.8,38.5,33.6,common_scab
23.1,23.9,5.75,443.9,52.6,37.0,44.7,common_scab
26.9,18.8,5.28,389.0,42.8,48.2,37.4,common_scab
26.0,19.7,5.33,531.8,43.8,47.2,40.0,common_scab
29.5,20.4,5.35,349.2,55.0,46.6,48.5,common_scab
28.7,23.4,5.82,450.8,57.6,47.7,34.0,common_scab
16.4,21.3,5.48,418.5,50.7,45.9,48.7,common_scab
17.4,20.4,5.26,417.1,58.9,47.5,32.0,common_scab
25.8,23.8,5.58,559.6,58.9,31.2,43.2,common_scab
29.2,18.5,5.6,344.9,56.6,37.5,48.6,common_scab
22.6,21.2,5.23,307.0,44.0,49.1,33.4,common_scab
27.3,20.9,5.66,495.2,59.5,49.9,39.2,common_scab
28.3,23.2,5.41,368.1,55.5,32.4,35.2,common_scab
15.5,19.6,5.38,315.8,42.1,40.6,38.2,common_scab
18.2,22.4,5.37,391.6,55.8,42.5,47.9,common_scab
29.8,21.1,5.52,477.5,43.2,48.0,36.6,common_scab
24.9,20.7,5.53,476.3,42.4,41.4,31.5,common_scab
25.9,22.7,5.62,310.3,52.2,50.0,34.2,common_scab
16.4,22.4,5.48,445.8,54.4,46.2,46.3,common_scab
29.1,23.7,5.89,475.7,49.0,38.4,36.4,common_scab
26.2,20.2,5.22,481.9,41.5,35.2,34.9,common_scab
25.0,18.2,5.72,532.3,40.8,41.3,36.0,common_scab
27.7,21.5,5.62,394.2,48.3,31.6,31.8,common_scab
26.0,18.7,5.71,313.9,59.2,32.9,38.5,common_scab
23.4,20.7,5.96,307.1,45.2,34.6,35.2,common_scab
28.3,19.0,5.77,464.8,48.2,33.1,48.9,common_scab
20.9,18.4,5.2,441.1,47.1,43.1,36.7,common_scab
22.7,21.3,5.42,450.7,41.3,40.1,37.6,common_scab
29.3,19.0,5.21,427.4,58.2,47.7,44.6,common_scab
27.6,19.1,5.88,585.3,43.1,30.2,31.4,common_scab
27.1,20.0,5.56,428.1,59.8,42.8,36.2,common_scab
19.7,18.8,5.44,450.4,48.3,34.9,35.2,common_scab
20.0,23.0,5.63,340.9,49.9,49.4,39.3,common_scab
29.6,18.2,5.9,372.9,56.0,49.1,34.5,common_scab
18.7,23.6,5.61,311.3,41.1,44.2,33.3,common_scab
28.0,23.4,5.78,595.4,46.7,34.1,41.6,common_scab
18.0,21.5,5.97,588.3,44.4,41.8,42.8,common_scab
25.4,21.1,5.26,567.0,48.1,36.5,47.2,common_scab
16.9,19.4,5.44,423.2,51.7,32.3,48.9,common_scab
21.2,21.1,5.61,321.7,44.8,32.7,44.8,common_scab
28.7,21.2,5.36,327.3,53.4,41.7,35.6,common_scab
23.3,22.7,5.44,511.5,42.8,47.3,42.6,common_scab
26.7,19.5,5.81,365.3,46.9,41.4,30.2,common_scab
29.8,22.0,5.8,319.8,48.6,47.9,38.2,common_scab
29.7,21.3,5.92,574.2,44.0,46.7,42.6,common_scab
24.2,23.9,5.78,487.3,53.6,40.2,39.5,common_scab
23.1,22.8,5.46,342.5,45.0,37.7,44.8,common_scab
23.4,23.7,5.54,545.0,42.5,46.1,40.5,common_scab
22.7,18.8,5.38,448.4,50.5,43.5,35.1,common_scab
27.2,19.4,5.33,581.6,55.0,40.7,38.4,common_scab
17.5,22.0,5.68,486.2,41.8,34.4,46.4,common_scab
20.8,22.9,5.6,307.5,59.9,32.6,43.3,common_scab
18.5,18.5,5.52,431.7,58.4,38.9,30.5,common_scab
16.1,19.1,5.33,541.9,53.8,45.0,47.1,common_scab
15.9,21.2,5.74,496.7,46.8,47.4,41.0,common_scab
25.9,19.5,5.61,543.8,53.8,45.6,36.8,common_scab
19.9,23.6,5.56,545.8,46.6,33.7,35.4,common_scab
26.6,18.6,5.46,310.8,48.1,41.2,31.4,common_scab
22.1,20.7,5.54,583.4,49.2,46.2,30.3,common_scab
27.7,23.0,5.58,469.5,53.4,40.4,31.6,common_scab
25.2,23.5,5.31,591.1,43.8,30.4,32.3,common_scab
22.5,23.2,5.35,588.0,41.7,31.4,45.3,common_scab
22.9,18.2,5.26,470.5,40.3,32.6,35.0,common_scab
29.3,21.5,5.53,492.4,59.3,43.1,30.8,common_scab
23.6,19.3,5.45,334.6,52.1,33.4,45.9,common_scab
21.5,19.9,5.29,303.5,55.1,37.9,43.0,common_scab
15.5,20.1,5.43,485.0,48.9,40.7,48.4,common_scab
32.9,23.1,5.84,712.6,29.0,33.1,20.5,black_leg
36.8,24.6,5.11,775.5,21.7,23.9,28.0,black_leg
36.9,25.7,5.35,724.5,30.9,33.1,38.7,black_leg
33.5,24.5,6.36,610.5,28.3,36.0,20.7,black_leg
39.6,23.8,5.94,512.6,24.8,29.7,26.3,black_leg
36.2,25.2,5.33,764.3,36.2,32.1,30.1,black_leg
34.9,25.4,6.17,614.9,28.1,20.5,24.0,black_leg
28.4,21.7,5.25,731.7,33.7,21.0,33.6,black_leg
30.3,22.9,5.18,702.2,39.0,36.9,32.5,black_leg
37.6,25.9,6.22,625.3,35.1,27.8,25.8,black_leg
35.6,23.0,5.44,585.7,34.6,35.0,35.5,black_leg
31.0,23.1,6.4,777.5,22.6,20.0,30.8,black_leg
33.4,22.3,5.4,756.1,21.2,27.5,25.4,black_leg
27.3,20.7,6.46,825.1,38.0,21.1,23.5,black_leg
33.8,25.7,5.31,650.1,38.9,21.4,26.8,black_leg
27.7,20.5,6.2,572.0,29.9,32.4,26.7,black_leg
25.1,23.8,5.38,888.4,34.2,23.0,23.5,black_leg
34.2,24.9,5.53,736.7,27.3,32.0,20.6,black_leg
34.0,24.1,5.39,824.4,21.8,38.8,24.6,black_leg
33.1,20.4,5.46,721.9,32.1,27.3,28.3,black_leg
27.7,20.3,5.19,760.6,28.2,34.3,34.2,black_leg
27.7,23.4,5.74,613.0,25.1,24.8,21.3,black_leg
35.6,23.2,5.14,807.8,26.4,37.4,24.3,black_leg
34.2,21.5,6.31,519.3,26.2,35.0,38.4,black_leg
32.8,25.2,6.06,813.8,24.5,38.9,32.8,black_leg
26.2,20.8,6.4,525.3,22.5,36.6,21.1,black_leg
27.2,22.9,5.64,580.7,35.8,26.0,26.2,black_leg
27.3,22.2,5.97,653.0,30.2,30.7,32.2,black_leg
28.8,22.7,6.15,783.3,25.8,39.6,35.7,black_leg
38.5,21.4,6.16,804.8,30.6,33.0,29.5,black_leg
38.3,23.8,5.33,718.7,39.8,23.0,25.0,black_leg
39.6,22.3,5.45,523.0,23.4,25.2,30.3,black_leg
31.2,22.1,5.86,723.2,26.2,21.6,31.8,black_leg
26.0,20.1,5.42,787.5,34.6,32.8,38.7,black_leg
38.3,25.5,5.74,534.1,35.9,26.4,25.5,black_leg
29.3,20.6,5.46,760.8,24.7,20.9,28.4,black_leg
26.9,24.1,6.17,565.8,37.4,38.3,34.3,black_leg
28.9,25.8,5.26,598.3,34.9,27.2,26.9,black_leg
26.9,20.6,5.71,584.1,26.4,31.2,31.3,black_leg
35.4,25.3,5.57,537.7,27.7,38.6,28.1,black_leg
36.4,21.6,5.72,763.3,26.2,35.2,26.6,black_leg
29.6,24.2,6.23,552.1,21.5,25.2,39.6,black_leg
32.0,24.9,5.79,856.6,36.4,34.2,22.8,black_leg
25.7,25.8,5.9,766.4,32.2,26.3,33.3,black_leg
34.8,22.5,5.13,603.8,33.9,21.6,39.7,black_leg
26.7,21.9,6.31,678.6,23.1,30.6,36.4,black_leg
27.8,25.7,5.44,511.9,23.6,34.5,38.4,black_leg
27.1,20.3,5.93,650.0,21.7,28.8,22.4,black_leg
39.9,23.4,5.35,826.8,32.7,21.0,31.2,black_leg
32.8,23.2,6.23,799.1,25.3,20.1,26.0,black_leg
33.3,20.8,5.02,853.1,25.1,38.7,32.1,black_leg
34.2,24.0,6.03,594.9,39.7,23.2,28.7,black_leg
27.8,25.3,6.24,643.9,25.1,26.5,37.0,black_leg
34.1,24.0,5.92,605.9,37.5,38.7,25.0,black_leg
35.8,21.5,5.88,797.1,31.9,27.6,32.8,black_leg
36.4,24.7,6.03,638.1,32.6,36.5,26.3,black_leg
39.2,21.9,5.21,875.0,27.2,26.2,30.1,black_leg
25.1,25.3,5.27,893.4,27.2,31.1,36.0,black_leg
32.6,24.9,5.84,617.1,32.4,24.1,28.6,black_leg
26.8,21.4,6.42,500.4,31.8,34.6,29.9,black_leg
28.4,21.8,5.79,673.9,31.5,21.0,36.2,black_leg
26.1,21.1,5.26,771.6,25.8,25.3,38.3,black_leg
37.6,23.8,5.79,740.1,25.5,20.9,35.5,black_leg
30.3,23.8,5.44,771.8,32.7,21.9,29.9,black_leg
27.5,24.7,5.58,580.6,38.4,21.3,34.2,black_leg
38.0,22.0,6.48,676.2,38.6,29.3,39.0,black_leg
31.6,24.4,5.26,812.7,23.4,23.0,20.9,black_leg
35.8,24.5,5.07,650.5,32.5,24.4,23.5,black_leg
25.6,22.5,5.92,889.8,39.5,34.6,34.4,black_leg
28.9,21.9,6.17,878.1,32.2,37.2,39.6,black_leg
36.2,20.1,5.19,541.6,34.6,35.8,33.7,black_leg
31.4,20.8,5.21,772.8,32.8,22.8,36.7,black_leg
36.5,26.0,5.17,504.4,33.7,25.9,39.8,black_leg
28.3,23.9,5.2,538.0,38.3,23.7,24.2,black_leg
30.6,21.9,5.27,819.6,32.6,35.7,34.2,black_leg
26.8,21.6,5.98,660.4,25.1,28.9,31.9,black_leg
39.9,25.8,6.48,589.6,29.7,32.9,31.0,black_leg
27.3,21.2,5.7,827.4,27.1,23.9,23.7,black_leg
37.1,21.7,6.03,856.4,22.2,36.8,34.5,black_leg
27.5,20.2,5.46,756.2,29.1,32.8,23.1,black_leg
39.6,21.3,5.88,671.5,27.0,26.1,28.0,black_leg
27.0,24.5,6.05,783.2,34.5,34.4,39.9,black_leg
27.3,20.6,6.25,846.2,35.6,29.3,23.3,black_leg
38.7,24.0,5.89,753.2,32.4,20.9,39.4,black_leg
34.6,22.5,5.42,824.1,24.3,28.3,30.1,black_leg
28.0,23.8,5.61,519.0,29.8,24.5,23.8,black_leg
34.8,20.8,6.33,700.4,27.2,35.3,32.0,black_leg
30.0,24.2,6.13,560.7,22.9,31.6,28.0,black_leg
26.3,22.3,5.92,867.3,23.1,23.5,27.0,black_leg
26.6,20.2,6.46,844.9,27.4,31.0,25.0,black_leg
38.8,23.3,5.32,717.9,37.8,29.4,38.1,black_leg
34.4,22.0,5.93,795.7,24.3,35.5,36.0,black_leg
36.5,21.5,6.1,757.7,30.9,22.9,33.5,black_leg
29.1,23.0,5.28,546.6,20.4,35.6,31.5,black_leg
30.4,25.6,5.49,609.4,39.4,26.7,34.0,black_leg
39.3,20.1,5.22,534.8,33.8,23.5,26.9,black_leg
36.5,24.2,6.14,877.8,28.7,20.3,23.2,black_leg
27.2,23.1,5.1,621.1,24.3,31.8,31.7,black_leg
39.0,22.0,6.35,896.2,29.5,39.4,35.0,black_leg
32.2,22.8,5.4,796.7,20.2,22.4,36.2,black_leg
34.1,26.0,5.97,892.3,28.7,38.4,26.8,black_leg
29.6,24.5,5.11,787.2,39.5,30.7,37.8,black_leg
28.7,24.9,5.2,681.3,35.4,24.3,37.0,black_leg
34.9,24.4,5.83,857.4,22.7,27.8,22.5,black_leg
28.6,23.9,5.98,649.9,23.3,29.8,35.1,black_leg
34.2,21.4,6.35,743.6,31.2,24.1,26.8,black_leg
37.6,25.0,5.61,800.4,32.1,28.7,26.6,black_leg
37.1,25.0,5.22,724.0,24.1,31.9,37.5,black_leg
33.3,20.2,5.28,828.7,37.3,36.6,31.0,black_leg
39.9,24.2,5.6,506.8,33.9,38.4,33.4,black_leg
27.5,22.0,5.01,532.7,35.6,29.1,31.9,black_leg
32.8,21.6,5.61,534.6,34.3,32.9,38.7,black_leg
27.3,20.3,5.58,810.3,21.4,37.8,34.6,black_leg
39.1,23.8,5.76,623.5,33.5,38.9,26.5,black_leg
29.4,25.7,6.1,802.7,28.5,39.9,28.2,black_leg
36.8,20.2,6.37,661.5,21.1,30.0,25.7,black_leg
30.7,23.8,5.61,711.3,30.4,35.6,22.2,black_leg
36.9,23.2,6.46,685.3,35.1,30.5,25.1,black_leg
33.6,23.2,5.76,873.0,25.8,26.3,26.5,black_leg
36.2,22.5,5.73,703.2,32.7,32.1,27.9,black_leg
39.5,22.9,6.0,796.7,22.2,32.3,36.9,black_leg
36.4,23.6,6.22,863.7,37.6,37.7,27.8,black_leg
26.0,20.6,5.86,569.3,34.3,30.5,28.3,black_leg
36.3,21.6,5.2,590.9,30.3,36.4,31.9,black_leg
32.8,24.1,5.16,562.7,32.3,25.1,26.6,black_leg
37.7,26.0,5.14,781.2,26.2,26.6,32.7,black_leg
33.5,25.6,6.31,853.0,27.0,32.7,21.8,black_leg
27.3,20.8,6.21,763.8,29.7,37.0,21.1,black_leg
33.5,20.0,6.05,545.4,32.7,26.0,22.2,black_leg
34.3,24.3,5.96,844.6,24.2,39.9,20.6,black_leg
33.1,24.2,5.17,608.6,31.7,35.4,34.1,black_leg
35.0,26.0,6.2,693.7,28.3,30.1,31.5,black_leg
25.5,25.9,5.26,571.4,28.2,34.2,23.2,black_leg
33.6,22.1,5.79,655.3,33.6,34.0,26.9,black_leg
32.6,21.1,5.72,618.9,22.9,20.7,33.5,black_leg
35.4,22.7,5.82,802.6,30.3,35.3,27.3,black_leg
35.0,22.9,6.49,883.2,28.1,28.4,28.7,black_leg
33.9,23.4,5.0,539.6,22.7,36.4,26.5,black_leg
31.0,25.3,5.94,580.7,20.9,24.0,23.9,black_leg
36.7,22.7,5.89,875.6,30.4,31.1,27.6,black_leg
33.9,20.8,5.68,633.7,28.5,27.1,26.3,black_leg
32.7,22.1,5.99,636.1,21.4,39.9,30.4,black_leg
25.4,21.2,5.49,531.7,21.0,28.0,35.7,black_leg
34.1,22.2,6.41,638.4,26.2,37.6,26.7,black_leg
29.3,24.1,5.66,863.3,32.4,37.8,35.5,black_leg
33.1,20.6,6.08,898.3,32.0,37.7,35.8,black_leg
33.3,20.9,6.33,514.0,34.6,32.4,20.9,black_leg
27.9,20.6,6.25,665.3,36.0,29.0,20.8,black_leg
38.2,23.0,6.26,844.0,35.0,32.9,23.3,black_leg
39.7,25.2,5.0,561.4,35.9,33.5,34.7,black_leg
26.1,25.0,5.13,782.6,33.1,27.3,36.7,black_leg
28.2,23.2,6.34,892.6,37.9,35.1,21.6,black_leg
37.9,22.6,6.23,601.5,23.0,31.0,28.6,black_leg
28.7,24.2,5.64,610.9,30.1,39.8,25.8,black_leg
36.9,20.5,5.76,520.7,31.5,24.9,31.7,black_leg
34.0,23.8,5.52,686.2,28.1,38.5,36.2,black_leg
32.8,20.2,6.33,565.3,25.4,31.3,32.4,black_leg
33.9,20.6,6.38,792.2,35.8,27.9,29.3,black_leg
34.2,21.0,6.35,730.6,31.4,26.6,32.2,black_leg
34.9,22.7,6.28,597.0,29.2,36.0,28.2,black_leg
36.0,20.3,5.12,549.4,28.8,38.4,20.3,black_leg
25.4,24.5,6.22,867.1,31.7,39.2,30.3,black_leg
39.9,25.1,6.33,806.9,37.5,34.4,36.4,black_leg
32.5,23.7,5.92,775.4,20.5,20.0,38.6,black_leg
32.0,23.6,5.12,613.2,26.9,39.2,22.9,black_leg
31.2,25.2,5.86,675.1,21.4,22.1,24.5,black_leg
28.6,20.9,5.9,893.5,32.6,37.2,36.8,black_leg
28.5,21.9,6.2,809.8,37.4,32.2,37.8,black_leg
31.6,26.0,5.75,843.6,38.7,26.1,36.7,black_leg
29.7,25.0,6.13,625.2,31.8,33.8,26.7,black_leg
35.3,20.5,6.09,763.5,29.5,30.7,23.5,black_leg
35.2,22.8,5.16,609.1,38.5,37.2,29.7,black_leg
27.2,23.9,5.03,716.4,35.8,37.7,32.9,black_leg
38.0,23.5,6.33,671.0,29.4,32.4,22.6,black_leg
35.1,25.2,6.29,583.0,24.3,37.8,32.4,black_leg
36.3,22.4,5.85,778.7,26.2,23.4,35.1,black_leg
39.1,24.9,5.86,776.5,37.2,34.6,25.4,black_leg
32.7,22.1,5.32,593.7,29.1,36.0,29.7,black_leg
38.7,21.0,6.12,580.5,27.3,31.2,24.7,black_leg
29.3,24.1,5.74,649.5,27.9,24.5,20.5,black_leg
29.8,20.2,5.6,621.6,38.3,35.8,25.8,black_leg
30.8,22.2,5.07,867.9,24.1,21.7,30.9,black_leg
36.0,24.6,5.3,638.6,32.1,25.8,30.6,black_leg
29.5,24.1,6.1,601.2,26.3,38.2,20.5,black_leg
30.5,23.3,6.02,519.1,23.7,23.0,33.2,black_leg
35.1,24.9,5.8,687.2,23.1,38.6,39.2,black_leg
32.8,24.8,5.7,720.3,34.2,37.6,23.0,black_leg
32.8,20.6,5.58,782.3,20.7,32.8,28.6,black_leg
28.2,21.2,6.36,557.8,22.1,28.0,20.6,black_leg
38.7,24.3,6.45,513.0,20.8,40.0,20.2,black_leg
25.4,23.9,6.38,751.7,31.5,23.7,28.5,black_leg
28.1,21.3,5.17,647.1,31.4,29.7,26.8,black_leg
29.5,22.8,6.37,577.2,23.7,27.5,35.8,black_leg
27.7,24.4,5.84,761.9,24.2,24.5,23.3,black_leg
32.5,21.0,6.42,884.5,25.7,27.6,32.1,black_leg
29.9,22.6,6.45,789.6,27.1,38.7,31.4,black_leg
27.3,25.4,6.01,724.1,31.6,21.2,20.7,black_leg
27.8,23.6,5.12,587.4,20.3,27.9,36.1,black_leg
26.8,22.4,5.71,804.0,21.2,26.4,39.4,black_leg
39.4,22.7,5.72,505.8,28.6,34.8,37.2,black_leg
29.1,20.8,5.94,683.6,33.4,29.2,30.9,fusarium_wilt
19.2,22.5,6.22,547.0,51.2,27.5,46.2,fusarium_wilt
28.6,19.7,5.9,604.4,48.6,34.9,45.6,fusarium_wilt
29.0,24.7,6.41,403.0,57.9,20.0,36.4,fusarium_wilt
15.0,20.8,6.09,544.0,46.6,20.5,50.4,fusarium_wilt
21.9,21.6,6.02,638.3,43.6,37.9,50.8,fusarium_wilt
21.1,19.5,5.79,437.3,40.7,29.5,39.9,fusarium_wilt
16.5,24.2,6.16,522.0,58.1,22.5,47.5,fusarium_wilt
27.8,22.4,5.57,470.1,44.8,30.6,40.8,fusarium_wilt
26.8,19.1,5.86,623.1,35.8,25.2,33.1,fusarium_wilt
26.7,19.9,5.72,438.7,46.0,28.4,55.0,fusarium_wilt
28.3,22.2,6.2,669.7,33.5,23.4,38.2,fusarium_wilt
23.8,22.2,6.46,646.2,44.3,23.7,50.6,fusarium_wilt
25.6,19.0,6.21,512.2,44.6,35.1,38.2,fusarium_wilt
18.3,24.6,5.81,608.0,46.4,32.4,58.3,fusarium_wilt
21.1,23.6,5.51,520.3,42.2,22.1,39.3,fusarium_wilt
17.9,20.3,6.13,551.0,30.1,25.8,45.3,fusarium_wilt
18.3,21.8,6.31,426.8,35.0,28.0,50.4,fusarium_wilt
26.1,22.6,5.93,649.9,52.4,34.2,55.9,fusarium_wilt
16.5,19.6,6.18,657.5,53.6,20.6,40.9,fusarium_wilt
22.1,19.6,6.03,420.3,48.1,33.9,52.1,fusarium_wilt
21.2,24.8,5.86,539.0,50.0,36.7,45.1,fusarium_wilt
18.7,19.2,5.63,579.1,47.4,26.9,40.9,fusarium_wilt
16.7,23.6,5.93,474.4,30.6,20.9,40.6,fusarium_wilt
22.1,24.6,6.22,693.1,37.8,32.4,32.8,fusarium_wilt
24.1,19.2,6.34,496.3,49.0,28.6,32.5,fusarium_wilt
25.9,21.8,5.72,422.9,37.2,33.8,37.8,fusarium_wilt
21.5,18.4,5.58,540.9,51.1,26.2,34.4,fusarium_wilt
25.4,21.0,5.86,433.3,54.4,33.2,53.7,fusarium_wilt
15.7,18.3,5.85,584.0,38.9,24.7,56.9,fusarium_wilt
23.4,19.2,5.85,490.9,52.1,31.9,41.4,fusarium_wilt
19.7,19.4,6.04,627.9,36.8,26.8,58.0,fusarium_wilt
20.0,18.5,5.99,633.9,41.0,30.4,38.0,fusarium_wilt
27.7,24.4,5.91,684.9,30.8,34.0,57.0,fusarium_wilt
21.7,22.2,5.88,453.3,56.9,27.5,30.3,fusarium_wilt
25.4,19.9,6.3,491.3,39.3,29.9,48.8,fusarium_wilt
29.9,23.6,5.67,503.3,55.5,20.8,58.2,fusarium_wilt
24.5,18.8,6.03,673.7,48.9,37.3,48.9,fusarium_wilt
18.3,18.3,5.7,539.0,58.9,23.2,37.1,fusarium_wilt
16.2,24.3,6.1,474.5,38.8,34.7,57.8,fusarium_wilt
24.5,19.1,6.27,521.9,57.1,25.3,49.0,fusarium_wilt
16.5,23.0,5.54,571.9,44.6,30.5,36.8,fusarium_wilt
18.5,21.8,5.68,461.9,32.0,22.4,51.0,fusarium_wilt
22.5,18.9,5.74,639.1,42.0,34.8,31.1,fusarium_wilt
16.7,18.8,5.86,534.6,55.7,33.5,58.8,fusarium_wilt
19.2,22.5,6.02,480.4,58.0,38.0,36.7,fusarium_wilt
16.9,21.4,6.42,622.5,57.7,27.9,56.5,fusarium_wilt
24.0,22.4,5.66,476.3,32.7,26.4,50.3,fusarium_wilt
28.8,19.1,6.07,424.9,35.2,30.6,50.9,fusarium_wilt
16.2,24.3,5.99,532.6,31.3,26.2,31.9,fusarium_wilt
28.8,21.4,6.4,676.7,32.6,37.0,34.2,fusarium_wilt
18.9,22.4,6.37,401.8,57.7,29.8,58.3,fusarium_wilt
25.7,24.3,5.59,664.6,56.0,34.9,52.1,fusarium_wilt
19.3,19.6,6.1,657.9,56.0,35.5,45.0,fusarium_wilt
25.1,20.2,6.08,609.6,48.3,27.6,57.3,fusarium_wilt
15.9,19.3,6.5,574.6,31.0,28.2,48.1,fusarium_wilt
28.8,18.7,6.2,677.7,55.5,20.4,36.5,fusarium_wilt
20.3,23.1,5.88,471.7,44.5,28.1,50.8,fusarium_wilt
17.6,19.1,5.58,633.9,32.5,37.3,42.8,fusarium_wilt
29.3,22.3,6.3,670.9,57.0,29.2,33.0,fusarium_wilt
25.5,22.7,5.72,479.7,36.9,21.3,49.5,fusarium_wilt
20.8,19.2,6.41,642.0,43.5,35.9,54.6,fusarium_wilt
16.2,23.0,5.63,473.6,54.0,36.8,47.8,fusarium_wilt
15.3,18.3,6.3,586.5,33.9,20.9,45.1,fusarium_wilt
27.9,22.4,5.99,523.7,35.8,24.0,40.9,fusarium_wilt
28.4,18.1,6.48,666.3,57.1,34.6,55.7,fusarium_wilt
23.6,24.3,6.41,682.1,32.4,28.8,34.0,fusarium_wilt
25.0,21.1,6.23,552.4,43.8,37.3,56.7,fusarium_wilt
20.9,20.1,6.18,676.5,52.4,30.2,39.2,fusarium_wilt
23.3,22.6,6.12,509.1,30.8,39.8,49.5,fusarium_wilt
17.0,22.0,6.32,456.3,40.1,27.5,50.6,fusarium_wilt
25.9,19.3,6.04,542.1,50.4,37.7,37.2,fusarium_wilt
23.7,21.4,5.97,689.0,51.4,31.8,48.9,fusarium_wilt
18.7,19.4,5.5,492.2,48.7,39.7,40.7,fusarium_wilt
22.3,21.4,6.02,454.5,48.7,28.4,54.5,fusarium_wilt
24.4,20.1,5.96,453.2,38.1,36.8,46.9,fusarium_wilt
26.5,18.1,5.93,592.5,38.9,32.6,31.7,fusarium_wilt
26.8,24.3,5.86,600.8,59.9,37.6,58.6,fusarium_wilt
17.1,24.9,6.21,631.7,41.9,22.1,39.9,fusarium_wilt
15.1,18.8,5.59,597.3,47.0,37.5,51.5,fusarium_wilt
21.7,23.4,5.82,615.1,38.2,26.8,58.9,fusarium_wilt
26.8,19.3,6.43,532.9,31.9,37.4,31.6,fusarium_wilt
28.0,23.8,5.65,446.1,43.5,40.0,44.5,fusarium_wilt
21.1,22.0,6.03,626.5,33.3,24.8,59.9,fusarium_wilt
27.3,21.3,6.11,654.3,30.5,39.9,32.6,fusarium_wilt
21.1,20.7,5.75,591.6,39.3,38.7,52.8,fusarium_wilt
26.4,24.2,5.83,497.3,30.7,34.4,57.4,fusarium_wilt
25.1,22.8,6.41,463.4,53.0,34.9,41.6,fusarium_wilt
26.5,21.3,5.74,577.4,30.9,36.9,47.0,fusarium_wilt
24.6,18.3,5.73,479.1,51.3,32.5,34.3,fusarium_wilt
19.0,21.1,6.1,616.4,37.1,27.7,50.3,fusarium_wilt
28.7,21.6,5.57,570.9,34.2,24.8,49.0,fusarium_wilt
16.7,23.1,5.98,635.1,38.4,28.4,44.5,fusarium_wilt
17.0,22.4,5.72,460.3,41.5,27.6,41.7,fusarium_wilt
17.2,23.9,5.73,652.5,30.7,37.4,43.1,fusarium_wilt
27.8,21.2,5.98,660.5,58.2,32.2,42.8,fusarium_wilt
21.7,23.4,6.11,476.4,43.6,28.1,37.4,fusarium_wilt
16.0,21.5,5.67,673.8,58.4,37.7,34.9,fusarium_wilt
22.3,23.3,6.42,671.6,34.4,33.2,48.9,fusarium_wilt
18.4,20.0,6.31,594.7,58.7,21.9,48.2,fusarium_wilt
18.8,22.2,6.28,506.7,59.0,22.8,53.6,fusarium_wilt
24.7,22.3,6.06,469.8,32.1,25.4,49.8,fusarium_wilt
29.2,22.5,5.92,441.6,52.8,33.4,50.1,fusarium_wilt
25.5,18.1,6.04,426.3,48.3,38.7,53.6,fusarium_wilt
20.0,24.1,6.25,609.8,38.1,24.8,42.6,fusarium_wilt
23.7,18.9,5.96,596.7,51.0,29.6,40.6,fusarium_wilt
20.3,18.4,6.04,632.6,41.9,32.1,58.4,fusarium_wilt
19.5,24.7,6.1,419.3,51.7,21.9,44.4,fusarium_wilt
24.0,23.1,6.4,697.4,38.2,22.1,34.2,fusarium_wilt
19.9,20.3,6.01,615.9,56.9,31.2,58.0,fusarium_wilt
26.1,19.6,5.56,522.5,54.4,37.2,30.7,fusarium_wilt
18.1,18.9,5.56,620.4,45.8,22.6,53.7,fusarium_wilt
24.9,19.1,5.63,519.0,50.4,33.1,59.8,fusarium_wilt
21.7,21.0,5.63,670.6,44.3,26.0,51.7,fusarium_wilt
15.1,19.0,6.34,445.0,52.1,32.6,37.2,fusarium_wilt
20.1,24.6,5.51,459.4,59.2,34.2,32.8,fusarium_wilt
19.8,22.5,6.34,438.7,31.2,26.1,33.4,fusarium_wilt
21.9,18.4,6.25,650.9,40.0,32.3,54.8,fusarium_wilt
16.3,23.9,6.27,670.0,44.4,39.7,32.7,fusarium_wilt
23.0,20.2,6.07,678.2,49.9,39.7,59.2,fusarium_wilt
27.0,24.0,6.2,596.3,46.7,29.7,47.3,fusarium_wilt
18.1,19.5,5.83,505.4,30.2,28.6,45.0,fusarium_wilt
19.4,24.6,5.57,438.1,51.1,30.8,50.9,fusarium_wilt
20.2,18.3,6.44,514.5,31.5,24.5,58.8,fusarium_wilt
24.4,19.7,5.9,492.1,56.0,39.5,38.6,fusarium_wilt
15.7,18.9,6.31,469.5,33.1,32.6,35.7,fusarium_wilt
19.3,19.7,6.11,666.1,58.2,31.3,48.0,fusarium_wilt
29.6,22.3,6.3,462.6,35.5,23.1,53.2,fusarium_wilt
28.2,21.0,6.22,580.2,39.9,38.4,55.5,fusarium_wilt
20.1,22.2,5.65,664.6,55.1,28.1,39.9,fusarium_wilt
16.1,18.7,5.79,563.0,38.6,39.9,41.6,fusarium_wilt
17.9,20.8,5.75,659.0,53.6,21.0,33.3,fusarium_wilt
21.7,18.1,5.96,568.3,32.4,26.7,41.8,fusarium_wilt
21.9,23.9,6.2,609.3,30.7,20.1,49.0,fusarium_wilt
17.3,24.9,6.34,676.2,45.6,35.6,54.0,fusarium_wilt
28.3,21.4,6.07,484.0,54.3,22.9,46.0,fusarium_wilt
25.4,24.3,5.61,615.6,42.1,31.5,30.3,fusarium_wilt
15.8,20.1,6.24,611.6,57.8,35.3,44.4,fusarium_wilt
26.4,22.6,6.42,409.4,53.0,26.6,43.0,fusarium_wilt
24.8,21.3,6.41,442.1,38.0,34.2,34.5,fusarium_wilt
22.2,19.1,6.27,506.9,40.8,27.2,52.8,fusarium_wilt
22.5,19.4,5.96,673.1,36.6,39.3,51.1,fusarium_wilt
29.6,22.4,6.03,659.5,51.8,37.6,41.5,fusarium_wilt
21.6,23.9,5.96,653.2,45.6,24.1,35.2,fusarium_wilt
19.4,19.9,6.03,671.7,54.0,28.2,45.7,fusarium_wilt
22.1,24.5,5.72,546.5,48.2,35.1,46.8,fusarium_wilt
17.4,24.5,5.54,483.0,51.2,28.3,51.3,fusarium_wilt
26.7,21.3,6.26,427.0,56.4,30.6,49.6,fusarium_wilt
22.4,21.0,5.53,523.4,32.6,39.6,46.6,fusarium_wilt
21.3,24.9,5.7,519.8,35.2,37.0,53.7,fusarium_wilt
23.8,24.5,6.0,600.4,37.3,23.9,41.1,fusarium_wilt
15.7,20.9,6.24,452.1,58.0,36.5,44.1,fusarium_wilt
26.5,20.7,6.07,629.9,58.0,25.0,48.2,fusarium_wilt
17.6,18.0,5.54,679.6,34.1,36.3,32.9,fusarium_wilt
19.7,23.4,6.05,674.5,37.7,32.9,47.2,fusarium_wilt
28.5,19.3,6.1,414.7,35.0,28.4,56.4,fusarium_wilt
19.5,20.7,5.74,514.2,50.7,31.6,48.3,fusarium_wilt
26.6,18.1,6.26,625.1,49.2,32.9,59.2,fusarium_wilt
22.1,18.8,5.75,529.9,43.7,32.5,31.4,fusarium_wilt
15.1,22.5,6.49,617.6,35.9,22.8,39.3,fusarium_wilt
28.4,19.1,6.35,429.6,37.3,20.6,39.0,fusarium_wilt
26.0,19.8,6.4,692.3,31.3,32.5,39.0,fusarium_wilt
23.6,20.3,5.83,621.3,53.8,27.8,43.2,fusarium_wilt
17.3,24.1,6.39,653.2,44.2,30.8,54.8,fusarium_wilt
28.5,21.8,6.29,424.0,39.2,34.0,54.7,fusarium_wilt
22.2,23.0,5.57,595.0,57.6,24.1,43.0,fusarium_wilt
19.3,23.8,5.51,514.8,53.8,27.3,58.5,fusarium_wilt
30.0,23.9,5.51,464.7,59.8,20.3,53.4,fusarium_wilt
20.5,23.0,5.75,519.9,50.0,38.4,40.0,fusarium_wilt
28.8,24.1,6.24,680.7,31.0,35.3,49.4,fusarium_wilt
18.8,18.8,5.52,490.7,36.3,25.3,37.9,fusarium_wilt
18.1,23.9,6.37,569.8,55.5,22.8,53.1,fusarium_wilt
19.4,19.3,5.54,447.2,59.7,20.2,50.8,fusarium_wilt
18.3,21.1,5.62,497.3,32.7,30.4,56.1,fusarium_wilt
15.5,24.6,5.86,493.8,59.3,23.3,55.9,fusarium_wilt
17.4,23.4,5.91,604.6,44.4,29.8,34.3,fusarium_wilt
28.4,24.5,6.19,402.3,49.9,24.0,30.2,fusarium_wilt
28.8,22.3,6.48,621.4,32.3,24.4,30.7,fusarium_wilt
24.4,24.3,6.05,414.0,33.4,27.5,39.0,fusarium_wilt
22.1,20.4,6.22,538.9,38.4,38.2,44.9,fusarium_wilt
22.0,21.0,6.24,570.5,37.6,26.9,42.3,fusarium_wilt
19.5,18.6,6.42,648.2,50.2,39.1,50.7,fusarium_wilt
29.5,24.8,6.2,597.2,44.2,28.9,58.1,fusarium_wilt
23.0,18.4,5.77,644.5,44.7,28.8,57.9,fusarium_wilt
24.5,23.6,5.92,466.7,36.2,32.8,41.1,fusarium_wilt
19.6,19.5,5.82,594.5,31.4,38.3,38.8,fusarium_wilt
18.5,21.5,6.36,620.8,48.7,29.2,32.5,fusarium_wilt
21.9,24.1,6.0,582.3,51.2,32.9,58.2,fusarium_wilt
20.2,24.3,6.15,613.3,48.3,39.8,53.9,fusarium_wilt
16.5,23.0,5.92,699.9,57.0,27.1,57.8,fusarium_wilt
26.4,18.7,6.34,401.9,32.9,32.4,54.3,fusarium_wilt
15.1,18.6,5.79,450.3,52.2,35.4,33.9,fusarium_wilt
21.7,22.5,5.75,598.8,48.9,22.0,44.8,fusarium_wilt
15.9,19.1,5.66,486.9,39.4,29.8,50.6,fusarium_wilt
15.3,24.5,5.57,471.4,36.8,29.0,47.7,fusarium_wilt
21.0,24.9,6.04,473.3,37.1,32.8,38.5,fusarium_wilt
25.0,21.0,6.32,624.5,40.3,28.9,30.3,fusarium_wilt
18.8,23.7,6.43,460.8,46.0,36.9,56.8,fusarium_wilt
28.5,21.9,6.32,577.2,59.5,33.9,57.7,fusarium_wilt
18.2,22.8,6.33,502.7,58.3,24.7,50.7,fusarium_wilt
24.1,17.6,6.03,313.8,37.6,43.5,46.9,verticillium_wilt
17.5,22.0,6.58,560.2,33.4,33.4,47.5,verticillium_wilt
20.8,17.7,6.05,457.5,38.6,31.7,33.6,verticillium_wilt
16.1,18.5,6.32,578.4,39.9,44.6,49.9,verticillium_wilt
20.0,18.7,6.15,463.5,48.1,31.4,33.7,verticillium_wilt
20.2,17.5,6.56,399.1,30.4,40.7,46.6,verticillium_wilt
22.6,21.5,6.15,408.6,42.9,47.5,41.4,verticillium_wilt
18.8,20.4,6.46,385.1,38.2,49.7,43.2,verticillium_wilt
22.5,16.8,6.0,552.9,35.4,49.4,41.7,verticillium_wilt
16.6,21.3,6.09,455.5,35.1,47.9,34.4,verticillium_wilt
18.3,19.3,6.52,534.2,30.2,33.6,32.2,verticillium_wilt
20.5,20.3,6.78,439.3,43.2,45.6,45.3,verticillium_wilt
19.6,17.7,6.53,421.3,49.7,48.1,48.9,verticillium_wilt
15.1,18.5,6.94,588.9,46.1,41.2,45.9,verticillium_wilt
21.0,18.7,6.35,460.2,38.8,33.1,47.9,verticillium_wilt
20.5,21.5,6.75,318.7,32.1,38.8,37.2,verticillium_wilt
22.7,16.4,6.62,459.7,39.5,35.4,34.0,verticillium_wilt
22.5,20.8,6.31,304.1,45.1,31.3,40.4,verticillium_wilt
22.9,20.7,6.72,550.9,46.2,43.8,40.6,verticillium_wilt
19.5,19.1,6.36,454.2,32.4,39.4,34.4,verticillium_wilt
15.8,18.6,6.74,519.4,34.7,37.0,40.2,verticillium_wilt
24.6,19.7,6.62,464.3,36.3,49.9,31.1,verticillium_wilt
17.5,21.5,6.5,592.5,36.6,33.6,47.9,verticillium_wilt
15.3,21.9,6.08,561.9,49.5,41.2,44.8,verticillium_wilt
24.7,19.1,6.46,488.7,32.9,32.7,31.4,verticillium_wilt
21.6,19.6,6.26,367.8,42.6,43.4,34.9,verticillium_wilt
18.9,18.7,6.9,548.2,32.0,48.9,33.3,verticillium_wilt
19.5,18.1,6.31,474.3,40.3,33.3,33.3,verticillium_wilt
16.1,20.4,6.35,500.2,31.0,48.7,37.6,verticillium_wilt
21.7,16.2,6.97,365.7,36.6,46.2,30.1,verticillium_wilt
15.2,21.4,6.92,418.0,39.5,39.2,36.2,verticillium_wilt
20.0,20.2,6.6,325.0,39.2,32.7,39.0,verticillium_wilt
18.1,16.7,6.93,310.5,49.7,42.3,49.8,verticillium_wilt
24.8,16.5,6.38,435.7,36.2,38.5,39.5,verticillium_wilt
15.6,19.7,6.95,491.9,37.4,36.6,31.6,verticillium_wilt
23.3,16.3,6.63,562.4,35.7,45.8,35.5,verticillium_wilt
16.4,19.0,6.44,573.6,47.6,40.4,37.7,verticillium_wilt
15.4,17.8,6.09,328.8,34.3,39.5,41.2,verticillium_wilt
17.9,21.9,6.01,380.7,40.7,38.2,33.5,verticillium_wilt
15.9,21.5,6.84,364.6,49.7,43.6,46.9,verticillium_wilt
23.0,19.4,6.85,394.5,41.7,42.0,49.7,verticillium_wilt
16.0,20.4,6.12,480.6,31.0,34.5,39.8,verticillium_wilt
19.4,18.0,6.86,319.9,44.1,38.6,43.4,verticillium_wilt
17.3,16.1,6.09,478.2,42.8,40.7,34.2,verticillium_wilt
21.2,20.9,6.28,326.8,30.7,43.4,34.9,verticillium_wilt
23.1,19.2,6.86,355.4,41.8,43.1,34.3,verticillium_wilt
23.6,21.6,6.29,378.4,46.5,36.3,36.6,verticillium_wilt
24.7,19.1,6.91,470.3,38.7,33.8,36.9,verticillium_wilt
23.6,17.9,6.17,514.2,42.3,32.3,31.8,verticillium_wilt
24.5,19.4,6.61,493.1,33.2,31.5,36.1,verticillium_wilt
22.3,21.3,6.25,345.3,41.7,36.8,42.0,verticillium_wilt
17.2,19.0,6.94,446.0,31.9,33.6,47.1,verticillium_wilt
15.2,17.3,6.45,549.5,37.9,49.4,38.5,verticillium_wilt
24.0,19.2,6.99,572.2,46.7,35.4,42.6,verticillium_wilt
21.4,21.4,6.28,449.2,41.6,46.9,41.7,verticillium_wilt
20.7,18.6,6.85,497.8,46.8,43.3,44.1,verticillium_wilt
15.4,21.6,6.1,392.5,43.6,42.2,40.0,verticillium_wilt
22.7,16.9,6.03,326.4,36.4,37.7,36.8,verticillium_wilt
16.6,20.8,6.75,330.4,48.3,35.9,42.1,verticillium_wilt
23.0,18.4,6.87,370.9,31.0,48.1,40.0,verticillium_wilt
15.7,17.4,6.08,525.8,41.2,48.6,30.9,verticillium_wilt
22.6,20.5,6.59,491.5,44.5,38.5,41.9,verticillium_wilt
20.4,16.6,6.25,407.8,41.7,48.4,42.9,verticillium_wilt
18.2,20.2,6.42,434.7,47.2,32.5,46.3,verticillium_wilt
18.3,18.1,6.31,435.9,47.8,36.1,44.5,verticillium_wilt
24.4,20.9,6.2,468.4,36.3,30.8,40.6,verticillium_wilt
16.9,16.0,6.29,431.1,36.9,47.6,31.4,verticillium_wilt
19.6,19.8,6.33,409.8,41.2,45.4,43.7,verticillium_wilt
21.1,17.3,6.74,379.9,36.4,34.4,30.6,verticillium_wilt
15.5,21.0,6.62,581.5,36.0,40.2,41.2,verticillium_wilt
25.0,19.1,6.6,597.2,48.7,32.4,40.0,verticillium_wilt
15.4,18.2,6.05,535.0,32.0,34.0,40.9,verticillium_wilt
15.6,20.1,6.17,327.4,33.0,44.5,32.4,verticillium_wilt
15.3,19.8,6.74,404.2,48.2,37.2,43.9,verticillium_wilt
20.2,21.2,6.81,477.5,46.4,40.3,41.8,verticillium_wilt
15.3,18.0,6.72,499.4,39.4,48.4,44.2,verticillium_wilt
24.1,21.7,6.32,450.8,40.1,41.1,32.7,verticillium_wilt
22.6,21.5,6.4,488.0,45.7,34.3,44.0,verticillium_wilt
16.5,20.2,6.94,454.1,30.2,49.3,38.0,verticillium_wilt
23.3,16.6,6.04,529.3,36.5,32.6,34.0,verticillium_wilt
21.0,17.6,6.34,308.8,34.7,34.9,37.6,verticillium_wilt
22.3,21.9,6.84,460.7,46.4,46.1,35.0,verticillium_wilt
22.8,20.2,6.42,403.2,39.6,34.4,38.0,verticillium_wilt
24.7,22.0,6.04,485.1,31.2,38.4,41.2,verticillium_wilt
24.0,16.7,6.13,590.8,37.6,36.0,44.9,verticillium_wilt
19.6,18.5,6.7,474.4,44.0,36.6,48.5,verticillium_wilt
22.6,18.0,6.11,501.0,44.8,44.8,37.1,verticillium_wilt
17.7,19.7,6.21,325.2,30.6,43.8,40.5,verticillium_wilt
15.3,18.5,6.37,385.0,31.1,40.6,37.3,verticillium_wilt
21.9,20.0,6.94,331.9,41.6,32.8,49.7,verticillium_wilt
18.0,20.4,6.1,431.3,40.5,46.8,39.8,verticillium_wilt
16.0,17.8,6.81,421.3,48.0,48.9,40.5,verticillium_wilt
20.6,17.2,6.08,484.8,42.7,31.0,41.4,verticillium_wilt
21.2,17.3,6.85,359.0,38.9,48.2,38.5,verticillium_wilt
17.7,16.9,6.89,424.8,33.6,41.7,32.5,verticillium_wilt
21.3,19.6,6.33,588.5,47.5,31.9,39.6,verticillium_wilt
15.5,20.6,6.39,386.3,30.7,46.8,30.8,verticillium_wilt
23.3,17.4,6.38,525.2,33.5,40.0,49.2,verticillium_wilt
20.1,21.4,6.41,440.3,44.7,48.8,49.0,verticillium_wilt
17.5,20.9,6.72,314.0,49.1,39.1,39.6,verticillium_wilt
19.1,18.6,6.7,343.4,32.9,43.6,42.7,verticillium_wilt
18.4,21.1,6.94,500.9,35.6,30.7,33.3,verticillium_wilt
17.8,18.7,6.97,569.6,41.6,38.3,41.1,verticillium_wilt
20.6,22.0,6.41,475.4,36.6,37.6,31.7,verticillium_wilt
16.2,20.3,6.74,538.9,49.0,43.7,49.2,verticillium_wilt
19.2,18.2,6.48,496.0,45.6,36.6,45.2,verticillium_wilt
20.8,16.8,6.02,578.5,40.3,45.8,40.5,verticillium_wilt
17.5,18.3,6.34,372.0,40.4,39.6,30.8,verticillium_wilt
17.4,20.3,6.75,469.9,37.6,44.9,31.8,verticillium_wilt
24.1,16.1,6.15,342.5,42.3,31.8,42.8,verticillium_wilt
20.1,17.9,6.03,447.7,46.0,30.6,31.7,verticillium_wilt
22.7,17.8,6.06,582.6,43.4,36.7,49.5,verticillium_wilt
19.3,18.2,6.06,506.8,34.9,48.3,33.1,verticillium_wilt
15.4,17.6,6.0,333.9,36.3,42.0,44.5,verticillium_wilt
16.2,20.2,6.27,455.7,48.4,33.6,36.5,verticillium_wilt
25.0,19.0,6.17,325.5,40.7,41.2,32.6,verticillium_wilt
19.9,20.0,6.4,488.8,35.3,42.5,46.7,verticillium_wilt
18.9,18.3,6.31,374.0,39.8,44.7,49.8,verticillium_wilt
19.2,16.3,6.18,586.3,44.6,40.2,36.2,verticillium_wilt
21.1,21.6,6.63,372.6,37.3,47.8,47.5,verticillium_wilt
16.4,18.0,6.46,424.5,48.2,42.0,44.3,verticillium_wilt
16.2,16.2,6.52,416.1,48.0,45.5,34.3,verticillium_wilt
19.0,20.6,6.74,391.6,40.0,38.2,46.5,verticillium_wilt
16.3,20.9,6.42,329.8,31.6,35.0,47.3,verticillium_wilt
21.5,21.0,6.8,355.1,43.7,41.9,43.8,verticillium_wilt
17.0,19.2,6.36,408.6,47.6,48.6,36.1,verticillium_wilt
18.2,16.5,6.91,545.1,46.6,30.9,45.8,verticillium_wilt
15.4,16.4,6.18,422.3,46.4,30.8,34.3,verticillium_wilt
20.7,16.3,6.3,558.8,35.1,45.3,46.4,verticillium_wilt
16.8,19.9,6.39,441.3,36.5,33.6,40.7,verticillium_wilt
16.4,16.1,6.52,447.8,35.2,31.3,48.5,verticillium_wilt
19.4,19.6,6.4,548.7,32.0,39.2,36.5,verticillium_wilt
21.7,20.0,6.39,552.9,34.4,31.4,35.9,verticillium_wilt
18.4,21.7,6.33,469.0,47.3,39.2,40.8,verticillium_wilt
20.6,21.3,6.08,437.4,31.3,30.7,39.6,verticillium_wilt
19.1,21.6,6.97,443.8,48.4,33.4,48.4,verticillium_wilt
23.2,20.0,6.49,539.5,42.4,35.6,48.9,verticillium_wilt
23.5,18.5,6.96,306.6,42.9,34.0,38.3,verticillium_wilt
19.4,19.5,6.08,442.9,31.7,42.1,30.5,verticillium_wilt
17.7,20.2,6.03,523.2,31.5,46.3,46.0,verticillium_wilt
20.2,21.9,6.46,397.8,40.0,38.0,44.0,verticillium_wilt
19.0,17.0,6.53,563.4,47.6,43.0,31.3,verticillium_wilt
19.4,17.1,6.39,522.2,45.6,34.7,32.6,verticillium_wilt
19.2,21.7,6.76,478.5,37.1,49.4,30.4,verticillium_wilt
15.9,20.1,6.24,512.5,49.3,37.6,38.0,verticillium_wilt
21.1,21.0,6.91,475.1,44.0,40.1,32.4,verticillium_wilt
23.3,19.0,6.44,334.4,35.6,40.7,31.2,verticillium_wilt
15.9,21.1,6.55,517.8,43.7,46.5,34.3,verticillium_wilt
15.2,20.6,6.19,479.3,31.3,45.9,31.0,verticillium_wilt
15.8,17.2,6.06,415.0,33.8,49.3,32.4,verticillium_wilt
23.6,21.9,6.13,453.3,49.4,48.6,48.4,verticillium_wilt
19.2,20.0,6.14,402.6,41.0,33.6,45.7,verticillium_wilt
24.5,16.3,6.48,380.7,35.1,35.2,43.7,verticillium_wilt
18.3,16.7,6.33,349.4,41.2,35.0,41.4,verticillium_wilt
18.4,21.3,6.58,402.3,42.6,31.0,48.3,verticillium_wilt
24.7,20.5,6.06,418.5,48.7,40.3,49.7,verticillium_wilt
24.6,16.0,6.29,389.3,47.4,47.6,49.0,verticillium_wilt
17.4,17.4,6.47,355.9,40.5,49.5,36.4,verticillium_wilt
15.5,18.1,6.63,345.3,45.9,39.9,33.8,verticillium_wilt
15.6,21.2,6.69,558.3,43.1,49.7,34.6,verticillium_wilt
17.5,21.5,6.59,513.8,46.6,37.8,31.1,verticillium_wilt
16.3,19.1,6.06,318.6,45.9,47.4,48.1,verticillium_wilt
19.4,17.7,6.69,393.4,44.8,35.9,39.5,verticillium_wilt
15.6,17.1,6.15,503.9,40.1,35.1,43.0,verticillium_wilt
19.1,19.2,6.99,304.8,48.4,36.7,38.5,verticillium_wilt
15.3,17.7,6.12,483.5,49.4,48.0,36.4,verticillium_wilt
18.3,19.5,6.54,320.0,44.2,42.0,46.4,verticillium_wilt
19.2,20.6,6.5,390.5,31.7,46.5,49.9,verticillium_wilt
19.5,17.5,6.0,364.3,40.0,41.5,39.9,verticillium_wilt
20.3,19.5,6.02,429.0,43.4,34.1,47.7,verticillium_wilt
23.2,18.2,6.13,509.5,38.0,32.8,33.2,verticillium_wilt
19.6,20.7,6.72,313.4,40.1,35.8,32.2,verticillium_wilt
17.9,19.4,6.16,368.5,41.3,31.8,43.0,verticillium_wilt
15.1,18.4,6.49,521.4,39.1,38.0,43.1,verticillium_wilt
23.0,16.3,6.26,410.1,44.9,31.7,40.5,verticillium_wilt
15.8,18.0,6.63,313.3,43.8,37.8,44.7,verticillium_wilt
18.9,16.1,6.34,516.7,42.4,34.5,48.8,verticillium_wilt
23.9,18.6,6.18,355.2,48.5,34.9,46.8,verticillium_wilt
19.5,17.4,6.4,365.5,47.9,49.1,43.5,verticillium_wilt
16.9,20.3,6.47,467.2,40.7,44.0,46.9,verticillium_wilt
22.1,19.9,6.61,313.2,34.6,38.4,36.8,verticillium_wilt
22.9,19.1,6.8,409.4,49.2,37.0,45.8,verticillium_wilt
20.2,17.7,6.52,424.8,35.1,44.6,45.7,verticillium_wilt
18.0,17.8,6.87,542.2,30.2,40.6,37.0,verticillium_wilt
16.2,17.8,6.94,524.9,41.1,32.6,41.9,verticillium_wilt
16.8,18.0,6.55,539.1,47.0,41.1,46.1,verticillium_wilt
22.2,18.9,6.4,352.0,48.0,46.4,44.0,verticillium_wilt
17.3,21.3,6.03,519.4,31.7,34.3,32.5,verticillium_wilt
16.2,20.4,6.28,379.2,32.9,37.2,38.6,verticillium_wilt
20.4,18.3,6.75,554.9,42.5,39.9,48.9,verticillium_wilt
23.6,16.6,6.13,327.2,33.8,39.2,34.8,verticillium_wilt
19.6,21.1,6.21,384.4,34.0,36.8,44.7,verticillium_wilt
22.3,20.9,6.96,502.5,37.0,36.9,37.0,verticillium_wilt
21.9,20.5,6.98,502.8,48.4,36.9,41.6,verticillium_wilt
23.4,17.5,6.87,492.1,37.8,49.6,45.8,verticillium_wilt
21.2,19.6,6.59,439.9,35.2,43.2,46.7,verticillium_wilt
16.1,17.7,6.17,384.1,32.3,39.6,39.5,verticillium_wilt
24.6,19.1,6.06,526.3,31.1,40.5,40.6,verticillium_wilt
18.0,22.0,6.86,365.6,34.0,33.2,43.7,verticillium_wilt
18.0,20.7,6.97,599.0,38.9,36.8,32.7,verticillium_wilt
24.9,21.9,5.84,694.7,43.7,44.3,44.8,rhizoctonia_canker
26.8,23.1,6.47,693.3,41.0,49.9,59.9,rhizoctonia_canker
36.6,19.6,6.22,648.9,48.6,49.5,55.7,rhizoctonia_canker
23.0,19.6,6.43,761.3,58.7,45.8,45.2,rhizoctonia_canker
20.5,18.2,5.92,690.5,40.0,43.7,45.9,rhizoctonia_canker
27.5,22.5,5.83,859.7,57.0,42.7,53.8,rhizoctonia_canker
35.9,21.9,6.11,721.0,46.8,30.6,52.6,rhizoctonia_canker
35.8,18.2,6.13,694.4,57.3,37.5,53.6,rhizoctonia_canker
27.5,22.1,6.1,618.1,53.3,49.1,58.3,rhizoctonia_canker
30.8,18.4,5.9,862.7,59.8,38.5,54.9,rhizoctonia_canker
30.8,22.5,5.81,834.9,44.5,38.5,50.8,rhizoctonia_canker
23.6,19.4,5.56,692.2,49.3,32.5,55.6,rhizoctonia_canker
22.1,19.0,6.16,541.2,43.3,41.6,45.2,rhizoctonia_canker
38.1,21.4,6.13,636.7,42.3,33.7,46.5,rhizoctonia_canker
22.5,18.1,6.13,637.5,40.4,35.1,40.1,rhizoctonia_canker
33.8,21.1,5.59,635.6,42.8,43.8,55.1,rhizoctonia_canker
30.6,23.0,6.46,877.9,57.5,41.2,46.8,rhizoctonia_canker
26.7,23.3,6.25,776.8,52.5,45.1,44.9,rhizoctonia_canker
32.0,23.9,6.09,817.9,53.5,43.9,52.7,rhizoctonia_canker
24.1,21.1,5.61,655.4,49.8,34.4,41.4,rhizoctonia_canker
38.8,22.9,6.33,797.2,41.2,41.4,43.2,rhizoctonia_canker
23.9,21.7,6.08,544.8,49.4,34.0,50.0,rhizoctonia_canker
25.8,22.4,6.27,501.1,48.5,41.8,50.6,rhizoctonia_canker
26.1,18.2,5.94,856.4,44.7,32.2,51.4,rhizoctonia_canker
38.1,23.6,6.03,777.9,43.6,44.3,46.1,rhizoctonia_canker
38.9,22.1,5.9,583.5,41.3,34.3,53.9,rhizoctonia_canker
26.9,19.2,6.38,549.3,57.8,31.0,44.5,rhizoctonia_canker
29.9,18.3,6.05,788.1,45.8,32.9,47.3,rhizoctonia_canker
20.0,19.9,5.65,861.2,50.1,47.4,50.8,rhizoctonia_canker
30.1,19.4,6.08,657.7,47.0,35.8,41.1,rhizoctonia_canker
27.0,19.4,6.18,837.8,42.7,30.6,59.5,rhizoctonia_canker
32.0,20.2,5.95,810.3,47.8,32.1,54.8,rhizoctonia_canker
28.5,18.7,6.39,713.3,47.1,38.6,52.3,rhizoctonia_canker
37.4,20.0,5.8,707.2,45.5,32.9,43.4,rhizoctonia_canker
35.1,21.6,5.75,562.8,52.0,37.7,41.5,rhizoctonia_canker
26.8,19.1,6.17,751.1,56.5,48.3,59.3,rhizoctonia_canker
30.3,23.8,5.6,851.0,48.5,34.6,57.2,rhizoctonia_canker
23.0,18.8,5.9,842.6,45.2,49.8,55.4,rhizoctonia_canker
33.7,19.4,6.07,830.3,40.5,38.9,57.9,rhizoctonia_canker
28.7,22.8,6.22,667.3,41.9,33.8,52.4,rhizoctonia_canker
33.9,18.2,6.4,710.5,55.3,46.2,48.8,rhizoctonia_canker
23.7,22.8,5.86,813.1,45.7,30.6,59.2,rhizoctonia_canker
29.0,18.8,6.28,821.5,59.6,36.2,49.0,rhizoctonia_canker
31.1,19.2,5.89,569.8,54.6,42.3,43.6,rhizoctonia_canker
21.8,21.8,6.33,503.5,54.9,30.6,56.4,rhizoctonia_canker
26.7,19.5,6.04,794.4,47.4,50.0,52.7,rhizoctonia_canker
26.6,21.5,5.98,539.4,56.8,33.4,46.8,rhizoctonia_canker
35.4,19.8,5.82,568.2,40.6,46.2,51.2,rhizoctonia_canker
37.4,20.0,6.28,671.1,43.5,38.6,56.0,rhizoctonia_canker
27.4,20.8,6.04,541.3,50.1,48.4,55.6,rhizoctonia_canker
32.3,18.5,5.87,686.9,55.9,48.4,42.7,rhizoctonia_canker
24.3,20.1,6.41,834.2,49.0,35.5,41.1,rhizoctonia_canker
28.1,20.7,5.77,667.7,40.6,35.3,59.8,rhizoctonia_canker
25.3,22.8,6.23,730.5,55.2,31.3,59.9,rhizoctonia_canker
36.7,23.4,5.6,637.6,52.8,43.0,58.0,rhizoctonia_canker
29.6,22.0,6.12,505.8,52.5,33.4,59.8,rhizoctonia_canker
27.1,22.3,5.99,595.2,53.6,41.2,54.0,rhizoctonia_canker
36.6,19.3,5.76,730.6,58.1,40.5,42.0,rhizoctonia_canker
35.9,21.2,5.84,658.5,50.9,30.7,45.7,rhizoctonia_canker
22.3,22.1,5.69,636.5,45.7,39.5,48.8,rhizoctonia_canker
31.2,18.9,6.46,676.9,51.9,37.6,58.0,rhizoctonia_canker
21.4,21.8,6.46,811.4,53.6,32.9,54.0,rhizoctonia_canker
30.9,20.9,6.01,502.5,48.3,34.2,49.1,rhizoctonia_canker
24.8,23.9,5.81,513.4,54.7,46.0,50.5,rhizoctonia_canker
33.2,22.6,5.81,847.3,46.8,34.3,57.6,rhizoctonia_canker
33.1,19.0,5.82,581.8,53.3,30.5,45.9,rhizoctonia_canker
39.6,19.1,6.18,615.9,56.1,43.4,51.6,rhizoctonia_canker
21.7,21.2,5.63,583.7,46.5,30.9,45.1,rhizoctonia_canker
37.9,21.7,5.65,793.5,43.8,38.2,42.3,rhizoctonia_canker
36.9,20.6,6.44,671.3,46.4,48.5,45.9,rhizoctonia_canker
23.1,20.8,5.71,505.8,53.9,43.6,41.0,rhizoctonia_canker
24.9,21.6,6.44,572.4,58.1,34.1,45.6,rhizoctonia_canker
20.7,22.1,5.84,766.8,48.3,35.8,47.5,rhizoctonia_canker
36.8,19.7,5.8,618.6,45.8,30.3,50.5,rhizoctonia_canker
30.5,22.1,6.26,787.0,53.8,35.8,58.9,rhizoctonia_canker
30.5,18.9,6.25,683.4,44.6,45.9,54.0,rhizoctonia_canker
20.4,22.4,5.81,835.4,51.8,42.4,56.5,rhizoctonia_canker
34.6,20.1,5.69,545.9,56.4,45.6,49.3,rhizoctonia_canker
24.8,23.7,6.39,706.4,47.1,30.8,41.2,rhizoctonia_canker
37.2,23.4,5.96,873.9,53.4,38.4,55.8,rhizoctonia_canker
37.7,22.7,5.57,809.6,52.0,36.1,50.8,rhizoctonia_canker
25.8,23.0,5.74,738.9,55.1,37.1,41.2,rhizoctonia_canker
33.1,21.1,6.06,607.0,52.0,49.6,55.2,rhizoctonia_canker
23.8,23.2,6.47,737.7,58.9,43.8,45.4,rhizoctonia_canker
30.4,20.7,6.19,707.4,47.3,46.3,46.3,rhizoctonia_canker
26.4,18.5,5.78,613.2,55.3,36.5,54.5,rhizoctonia_canker
32.7,23.1,5.61,717.2,55.6,31.7,49.8,rhizoctonia_canker
39.7,22.3,5.57,514.2,47.1,46.3,54.7,rhizoctonia_canker
21.9,21.1,5.96,756.9,51.5,37.4,49.4,rhizoctonia_canker
24.7,22.9,5.85,865.3,42.3,36.5,49.2,rhizoctonia_canker
22.6,23.2,6.37,782.7,59.4,40.4,53.8,rhizoctonia_canker
24.5,23.4,5.55,759.6,58.4,31.6,45.1,rhizoctonia_canker
25.5,19.1,5.91,699.1,47.4,50.0,56.9,rhizoctonia_canker
39.3,19.2,5.9,545.1,41.0,33.6,44.2,rhizoctonia_canker
28.4,18.3,6.39,537.4,56.2,37.2,53.0,rhizoctonia_canker
32.2,20.4,5.8,684.3,43.5,40.6,53.3,rhizoctonia_canker
33.5,23.0,5.64,860.2,58.3,44.6,56.0,rhizoctonia_canker
27.0,22.9,5.93,587.2,59.8,32.8,54.1,rhizoctonia_canker
21.0,23.0,6.44,520.7,52.3,49.9,58.1,rhizoctonia_canker
35.8,23.1,5.83,609.1,41.1,41.2,54.5,rhizoctonia_canker
36.8,18.6,6.07,780.6,59.9,42.8,44.4,rhizoctonia_canker
34.6,23.8,5.64,565.0,44.6,45.3,55.9,rhizoctonia_canker
21.3,22.1,5.69,747.2,55.5,32.7,50.9,rhizoctonia_canker
29.5,21.0,5.55,843.7,45.7,36.9,54.2,rhizoctonia_canker
20.9,21.3,5.63,763.0,58.7,48.4,52.5,rhizoctonia_canker
37.8,19.4,6.31,629.3,47.0,32.5,46.1,rhizoctonia_canker
20.9,22.1,6.07,790.8,56.3,33.7,46.3,rhizoctonia_canker
30.8,18.1,5.74,733.9,57.2,30.1,46.1,rhizoctonia_canker
27.8,19.7,5.74,574.0,46.7,38.9,52.5,rhizoctonia_canker
26.5,21.0,6.42,772.8,55.4,38.7,41.8,rhizoctonia_canker
34.1,20.6,6.09,611.5,58.9,33.9,57.2,rhizoctonia_canker
34.3,20.7,6.34,681.5,50.6,34.7,46.9,rhizoctonia_canker
20.2,20.9,6.03,512.1,50.9,38.8,49.8,rhizoctonia_canker
28.1,20.9,6.49,580.5,42.3,41.1,57.5,rhizoctonia_canker
21.7,21.5,6.07,806.6,58.7,47.5,60.0,rhizoctonia_canker
38.9,22.1,5.84,698.8,43.7,37.3,58.4,rhizoctonia_canker
26.0,22.3,5.62,509.4,42.1,49.2,41.8,rhizoctonia_canker
22.0,20.6,5.97,653.3,50.6,34.6,50.8,rhizoctonia_canker
34.4,22.9,5.85,748.9,46.1,45.9,58.9,rhizoctonia_canker
29.6,20.7,5.81,510.2,48.2,48.1,53.1,rhizoctonia_canker
25.5,21.6,6.14,627.2,55.8,44.0,59.7,rhizoctonia_canker
30.8,21.6,5.82,607.7,40.6,37.2,54.4,rhizoctonia_canker
23.9,22.3,6.22,743.4,51.7,44.3,59.9,rhizoctonia_canker
25.2,18.5,6.1,850.5,45.4,39.3,46.2,rhizoctonia_canker
25.1,22.1,5.97,627.3,42.7,37.1,48.9,rhizoctonia_canker
24.7,22.3,6.33,890.2,45.1,43.8,50.6,rhizoctonia_canker
35.5,23.8,5.61,691.8,56.0,47.2,42.1,rhizoctonia_canker
22.3,21.5,6.08,590.1,51.7,30.9,50.4,rhizoctonia_canker
20.4,22.9,6.22,775.2,58.9,47.1,56.5,rhizoctonia_canker
38.7,22.2,6.41,684.8,55.4,38.9,55.9,rhizoctonia_canker
25.6,20.0,5.96,599.3,51.6,35.1,57.0,rhizoctonia_canker
28.6,22.3,5.8,730.6,40.6,47.7,53.0,rhizoctonia_canker
26.6,23.2,5.69,513.8,50.0,39.3,53.5,rhizoctonia_canker
31.3,21.5,5.99,732.0,46.9,43.5,43.9,rhizoctonia_canker
39.9,18.1,5.96,872.3,53.7,36.9,56.6,rhizoctonia_canker
24.9,21.9,5.63,892.0,59.4,46.7,58.8,rhizoctonia_canker
27.4,18.9,6.17,708.2,55.4,42.4,43.6,rhizoctonia_canker
21.6,23.4,6.45,660.4,46.8,41.8,51.1,rhizoctonia_canker
26.1,18.9,6.21,503.2,59.0,33.5,50.6,rhizoctonia_canker
38.1,23.9,6.45,682.6,53.1,34.1,44.4,rhizoctonia_canker
23.9,21.2,5.56,663.7,40.6,45.8,55.3,rhizoctonia_canker
23.4,21.5,6.42,507.8,54.0,34.2,48.9,rhizoctonia_canker
35.3,21.3,5.61,855.7,52.0,47.7,53.1,rhizoctonia_canker
37.6,20.5,6.06,733.6,56.8,33.4,41.6,rhizoctonia_canker
39.1,23.8,5.96,803.1,42.2,32.9,47.6,rhizoctonia_canker
26.5,21.8,5.85,595.2,52.9,34.1,53.6,rhizoctonia_canker
21.7,20.1,6.13,595.4,53.7,49.5,56.3,rhizoctonia_canker
31.3,22.4,5.69,796.1,48.8,32.9,42.8,rhizoctonia_canker
34.0,22.4,6.08,734.1,49.1,35.7,45.6,rhizoctonia_canker
32.9,23.0,6.31,555.5,53.6,40.7,51.2,rhizoctonia_canker
25.3,19.7,5.75,705.8,42.2,47.0,40.4,rhizoctonia_canker
31.8,18.9,6.23,738.5,46.6,46.7,51.7,rhizoctonia_canker
38.5,21.0,5.82,874.1,40.7,30.1,55.7,rhizoctonia_canker
30.8,18.5,6.44,723.7,44.0,35.8,56.6,rhizoctonia_canker
38.8,21.1,6.26,770.2,51.3,48.2,46.8,rhizoctonia_canker
32.6,20.4,6.07,743.3,53.5,39.5,57.4,rhizoctonia_canker
29.5,19.9,5.56,594.8,48.3,45.3,46.8,rhizoctonia_canker
33.7,20.4,6.25,543.0,57.0,36.5,46.5,rhizoctonia_canker
28.2,19.9,6.06,528.0,54.1,47.6,54.4,rhizoctonia_canker
35.8,23.1,6.13,894.7,52.8,35.9,52.7,rhizoctonia_canker
38.6,20.0,5.99,637.5,40.2,34.1,43.8,rhizoctonia_canker
26.0,19.7,6.31,565.4,51.2,46.7,55.0,rhizoctonia_canker
28.7,19.4,6.35,725.3,52.9,39.6,58.5,rhizoctonia_canker
33.1,21.0,6.19,567.2,51.7,46.4,51.9,rhizoctonia_canker
31.1,23.5,5.63,886.1,56.8,37.8,58.0,rhizoctonia_canker
27.6,23.2,6.0,796.2,53.3,37.3,45.8,rhizoctonia_canker
35.0,21.0,5.79,587.1,52.2,46.9,57.0,rhizoctonia_canker
32.7,18.4,5.98,504.9,54.9,46.3,52.7,rhizoctonia_canker
39.3,22.9,6.24,563.2,50.3,33.9,46.0,rhizoctonia_canker
30.7,19.1,5.88,650.4,41.9,39.1,49.6,rhizoctonia_canker
37.0,23.5,5.66,521.5,53.7,38.1,56.6,rhizoctonia_canker
36.5,21.4,6.0,748.3,50.0,45.8,46.0,rhizoctonia_canker
38.1,23.1,5.98,831.0,57.6,30.3,51.8,rhizoctonia_canker
30.3,19.8,6.03,629.1,54.3,48.0,55.2,rhizoctonia_canker
20.8,20.6,5.69,740.1,47.9,35.0,50.0,rhizoctonia_canker
28.6,19.0,5.77,723.8,58.9,30.5,41.7,rhizoctonia_canker
24.4,20.1,6.14,690.7,58.3,49.3,40.5,rhizoctonia_canker
34.9,20.1,5.86,618.1,47.9,43.1,40.5,rhizoctonia_canker
22.5,24.0,5.9,548.6,54.7,43.5,40.1,rhizoctonia_canker
23.3,20.3,6.39,763.4,49.5,45.4,55.0,rhizoctonia_canker
36.0,23.8,6.23,783.9,52.5,46.3,52.3,rhizoctonia_canker
32.5,22.8,6.37,853.3,48.9,45.6,45.0,rhizoctonia_canker
36.7,19.5,5.7,750.9,59.9,31.7,48.6,rhizoctonia_canker
20.9,22.8,5.57,796.8,52.0,48.3,55.6,rhizoctonia_canker
34.7,20.9,5.69,649.8,54.9,33.6,40.9,rhizoctonia_canker
23.9,18.9,5.82,882.8,50.4,32.8,52.7,rhizoctonia_canker
33.6,18.7,5.91,782.6,41.2,35.0,58.1,rhizoctonia_canker
37.8,19.6,6.15,888.8,46.4,41.7,58.9,rhizoctonia_canker
34.9,19.8,6.27,771.1,47.4,30.4,53.9,rhizoctonia_canker
33.6,22.8,6.0,650.0,49.2,38.0,52.1,rhizoctonia_canker
23.6,23.0,6.11,715.1,57.0,45.3,55.9,rhizoctonia_canker
25.0,20.4,6.49,622.3,45.0,38.1,40.7,rhizoctonia_canker
24.7,20.7,5.9,532.5,57.5,49.5,50.1,rhizoctonia_canker
26.6,23.9,6.18,866.1,54.3,34.3,47.3,rhizoctonia_canker
36.9,20.3,5.54,867.5,57.8,44.3,57.4,rhizoctonia_canker
20.8,22.6,6.13,722.3,51.3,47.1,41.8,rhizoctonia_canker
21.3,19.9,6.29,812.9,57.2,34.7,50.0,rhizoctonia_canker
34.3,23.1,6.12,773.9,52.4,31.0,55.4,rhizoctonia_canker
20.2,20.7,5.96,841.9,52.9,32.1,45.3,rhizoctonia_canker
38.7,22.7,5.95,737.2,54.0,43.5,51.5,rhizoctonia_canker
44.8,20.4,5.62,594.2,39.3,36.4,33.1,early_blight
30.1,23.2,5.35,686.0,35.4,40.7,32.6,early_blight
29.1,21.8,5.99,746.7,45.4,33.8,31.6,early_blight
42.3,25.6,5.42,771.3,49.4,31.7,49.2,early_blight
27.4,24.2,5.79,481.1,31.0,38.0,34.3,early_blight
39.1,20.3,5.09,608.4,38.4,41.2,47.5,early_blight
27.5,23.7,5.18,592.9,35.4,34.4,44.9,early_blight
30.2,24.6,5.56,429.5,41.1,46.6,33.7,early_blight
31.5,23.8,5.49,615.2,36.9,33.7,30.7,early_blight
39.1,21.5,5.36,400.0,42.8,36.5,33.8,early_blight
35.2,25.0,5.62,439.1,45.2,48.0,50.0,early_blight
31.6,20.0,5.6,676.0,39.9,45.8,44.0,early_blight
39.6,24.0,5.2,692.1,33.4,38.7,41.6,early_blight
33.6,21.4,5.82,773.6,34.9,46.1,43.4,early_blight
29.2,22.2,5.83,566.2,35.1,37.1,42.7,early_blight
38.6,24.2,5.89,550.5,38.4,39.8,35.5,early_blight
44.8,22.4,5.27,702.4,33.9,35.8,30.1,early_blight
29.0,23.7,5.01,553.7,40.4,35.4,37.9,early_blight
33.1,21.7,5.2,606.1,32.8,39.4,46.0,early_blight
43.0,23.2,5.89,654.1,32.2,33.5,44.6,early_blight
42.6,25.3,5.28,738.7,41.4,47.1,37.4,early_blight
29.5,23.9,5.74,569.5,36.0,45.8,30.3,early_blight
44.6,24.7,5.5,700.6,41.1,31.8,48.6,early_blight
26.4,22.5,5.43,703.3,35.9,42.7,41.0,early_blight
32.1,24.9,5.32,672.1,47.4,32.9,36.5,early_blight
37.9,25.1,5.1,543.7,48.7,36.0,44.4,early_blight
36.8,25.8,5.97,513.3,47.9,39.1,44.3,early_blight
34.4,21.9,5.01,763.8,38.4,31.8,33.9,early_blight
33.6,21.4,5.5,647.2,45.4,30.1,35.5,early_blight
37.2,22.8,5.84,576.1,38.9,30.6,36.7,early_blight
41.4,25.6,5.07,513.4,46.4,38.2,34.3,early_blight
39.5,21.5,5.31,509.4,45.1,45.3,42.4,early_blight
40.7,20.1,5.56,467.3,30.8,34.8,45.1,early_blight
43.3,24.2,5.97,645.8,36.1,42.8,42.1,early_blight
28.9,25.5,5.39,579.9,43.5,42.6,32.0,early_blight
32.7,20.5,5.95,638.5,45.7,37.8,47.4,early_blight
27.7,24.4,5.81,557.3,45.1,42.2,46.5,early_blight
35.3,24.2,5.95,545.1,30.9,49.2,41.3,early_blight
41.3,23.7,5.53,657.5,38.4,48.7,49.4,early_blight
33.5,21.5,5.59,457.4,30.0,35.4,47.6,early_blight
40.4,23.4,5.48,624.6,39.5,34.7,31.4,early_blight
25.7,20.5,5.97,678.7,43.3,44.2,35.8,early_blight
40.3,20.7,5.47,742.8,37.9,33.8,41.2,early_blight
26.7,20.9,5.27,550.9,30.7,31.4,34.1,early_blight
27.6,22.8,5.06,452.7,42.5,31.1,42.4,early_blight
39.6,24.1,5.98,437.3,35.5,37.1,49.9,early_blight
44.3,21.7,5.92,777.9,48.0,42.2,33.1,early_blight
26.7,23.3,5.21,795.2,41.7,42.6,47.0,early_blight
27.1,22.8,5.43,594.7,31.6,40.2,32.9,early_blight
29.2,23.7,5.34,715.1,42.6,42.3,32.8,early_blight
38.7,25.9,5.24,651.7,32.6,47.7,30.1,early_blight
41.0,22.8,5.7,713.7,43.1,46.0,39.3,early_blight
27.7,25.4,5.85,707.3,47.0,30.2,35.1,early_blight
30.0,24.2,5.17,602.1,38.6,45.6,31.1,early_blight
38.2,21.8,5.63,794.0,38.7,47.7,49.9,early_blight
28.2,22.1,5.06,580.4,34.7,37.1,43.2,early_blight
25.5,20.5,5.44,467.1,41.4,31.8,38.9,early_blight
39.4,24.3,5.34,563.3,35.5,35.2,48.5,early_blight
42.7,22.9,5.54,620.8,39.5,33.7,38.9,early_blight
31.1,24.0,5.7,611.4,43.1,35.8,49.3,early_blight
34.9,24.2,5.25,436.5,31.3,47.1,45.0,early_blight
31.6,21.3,5.39,522.9,46.5,47.6,39.2,early_blight
26.0,22.8,5.23,466.0,43.7,39.5,44.5,early_blight
40.4,20.7,5.62,649.3,48.5,37.7,46.5,early_blight
26.0,23.2,5.13,725.1,47.3,49.7,36.7,early_blight
28.3,21.5,5.36,739.7,31.7,33.7,35.6,early_blight
36.0,23.2,5.92,512.2,39.2,30.1,46.8,early_blight
43.2,23.6,5.81,688.6,43.9,44.1,38.3,early_blight
38.6,23.0,5.91,632.1,41.8,48.4,44.4,early_blight
38.0,22.7,5.78,523.4,32.9,45.3,44.1,early_blight
25.8,26.0,5.4,496.8,37.8,30.3,47.7,early_blight
25.9,21.7,5.85,530.2,43.8,36.2,47.3,early_blight
28.5,24.9,5.29,528.8,36.0,47.5,41.2,early_blight
39.8,24.2,5.43,690.5,45.7,43.8,37.2,early_blight
40.4,24.4,5.52,580.0,35.0,39.7,45.7,early_blight
31.8,25.3,5.63,446.3,47.7,44.1,33.3,early_blight
42.0,23.1,5.05,592.7,42.9,31.9,36.0,early_blight
31.4,24.9,5.02,496.5,33.0,44.6,37.7,early_blight
28.8,20.9,5.28,447.2,36.8,39.2,39.2,early_blight
43.9,22.4,5.95,538.3,32.4,38.0,33.7,early_blight
33.7,24.1,5.31,716.2,44.3,39.4,42.1,early_blight
43.4,21.0,5.5,594.4,41.0,35.9,43.3,early_blight
35.6,20.5,5.22,429.3,40.5,45.2,44.3,early_blight
39.2,23.9,5.18,406.5,49.3,34.0,46.2,early_blight
28.6,23.3,5.63,426.5,38.2,34.0,31.3,early_blight
34.3,23.3,5.03,733.2,35.5,32.3,37.2,early_blight
40.0,22.1,5.9,467.5,49.6,35.5,48.4,early_blight
26.4,23.3,5.48,606.9,41.1,36.3,46.9,early_blight
38.3,25.2,5.28,722.1,43.1,40.1,47.2,early_blight
28.1,23.2,5.95,599.0,46.3,43.9,43.5,early_blight
27.9,23.9,5.29,461.9,36.4,42.6,31.2,early_blight
30.7,25.8,5.24,492.7,49.4,32.0,38.1,early_blight
39.9,24.4,5.2,779.4,45.4,47.1,45.8,early_blight
29.8,22.0,5.85,466.2,31.4,47.6,48.4,early_blight
38.1,25.4,5.19,772.3,37.4,43.6,49.9,early_blight
30.7,21.5,5.61,685.6,46.9,42.9,44.5,early_blight
32.1,23.8,5.5,628.8,35.2,45.9,42.1,early_blight
38.3,23.0,5.92,580.4,43.6,43.1,36.3,early_blight
43.6,21.2,5.55,461.1,30.5,39.8,39.4,early_blight
44.1,24.9,5.09,539.2,41.5,46.5,33.4,early_blight
31.4,22.6,5.66,627.2,40.7,32.7,48.6,early_blight
27.0,21.3,5.83,751.9,49.9,38.1,31.1,early_blight
30.9,23.9,5.08,467.8,31.8,45.4,39.8,early_blight
37.2,22.0,5.79,471.7,48.7,42.9,37.2,early_blight
34.9,25.6,5.48,563.3,36.2,41.6,48.0,early_blight
40.4,21.5,5.51,703.8,36.3,33.4,32.9,early_blight
33.6,21.4,5.33,611.0,38.4,33.2,41.3,early_blight
25.4,24.0,5.3,533.4,33.0,35.3,38.6,early_blight
33.9,21.7,5.7,497.8,39.9,33.7,39.9,early_blight
30.7,21.3,5.46,587.2,39.9,30.5,41.8,early_blight
26.7,20.4,5.98,537.4,43.0,42.9,30.4,early_blight
33.1,22.4,5.59,545.8,39.4,48.8,34.5,early_blight
31.2,22.9,5.48,599.0,48.1,46.1,35.0,early_blight
25.3,22.7,5.2,429.9,41.3,43.6,40.3,early_blight
41.1,24.1,5.41,700.9,44.7,32.3,39.9,early_blight
34.5,23.1,5.11,426.1,42.7,32.2,33.0,early_blight
41.8,23.3,5.57,553.7,45.5,36.7,35.9,early_blight
41.3,21.8,5.9,430.9,42.8,49.9,38.4,early_blight
39.4,21.7,5.4,657.2,35.6,38.0,38.0,early_blight
30.6,25.6,5.95,684.4,46.9,49.2,40.9,early_blight
39.1,21.5,5.48,780.9,48.8,43.3,42.4,early_blight
27.2,25.6,5.89,423.5,48.6,32.8,35.6,early_blight
26.7,20.2,5.34,676.0,36.3,30.2,32.9,early_blight
36.7,25.7,5.99,594.3,43.0,43.6,40.1,early_blight
30.9,20.8,5.39,437.1,49.9,45.9,37.7,early_blight
42.4,22.2,5.25,454.6,39.5,35.9,33.4,early_blight
44.6,23.2,5.73,788.7,35.1,35.9,41.5,early_blight
33.9,21.1,5.86,584.0,30.4,36.3,36.4,early_blight
39.9,23.6,5.79,719.1,38.1,39.5,41.4,early_blight
39.5,24.5,5.69,515.8,43.3,45.7,48.4,early_blight
43.4,20.1,5.72,792.9,37.6,40.3,32.9,early_blight
30.9,23.7,5.61,698.3,40.2,34.3,46.4,early_blight
36.5,22.5,6.0,746.1,37.8,46.0,38.4,early_blight
26.9,21.2,5.2,484.4,45.7,31.7,41.3,early_blight
27.4,22.3,5.63,432.6,47.4,30.3,45.3,early_blight
36.2,23.0,5.34,661.3,39.5,32.7,46.1,early_blight
40.0,23.9,5.27,760.3,45.4,41.7,31.0,early_blight
38.1,20.7,5.22,475.6,33.7,30.8,40.4,early_blight
36.8,25.4,5.18,619.0,42.6,43.5,38.7,early_blight
27.9,21.2,5.73,708.5,42.5,34.2,44.6,early_blight
31.9,22.9,5.73,456.7,44.4,47.0,39.7,early_blight
25.5,23.6,5.77,443.1,43.1,30.3,33.5,early_blight
33.7,23.9,5.25,431.8,34.4,30.8,31.9,early_blight
40.2,20.7,5.34,501.6,40.4,46.4,43.1,early_blight
38.0,23.0,5.27,480.1,37.9,40.3,35.0,early_blight
35.9,24.2,5.97,530.6,46.9,48.6,34.1,early_blight
33.3,21.1,5.52,775.9,46.9,47.8,33.5,early_blight
28.3,20.4,5.35,464.8,44.1,43.2,44.4,early_blight
36.7,20.4,5.77,540.0,42.7,45.1,48.4,early_blight
33.3,21.7,5.38,459.5,43.0,47.0,38.9,early_blight
36.6,25.0,5.17,725.7,41.1,31.2,41.8,early_blight
39.6,20.2,5.44,588.0,31.8,42.0,37.3,early_blight
28.4,20.1,5.15,457.6,49.0,35.9,39.5,early_blight
41.0,21.4,5.51,784.3,46.1,34.1,38.1,early_blight
31.8,24.9,5.71,617.6,41.7,32.6,33.4,early_blight
35.5,20.2,5.34,729.1,33.4,49.4,41.3,early_blight
44.5,22.1,5.63,498.0,43.1,31.9,40.7,early_blight
41.2,21.0,5.77,746.6,41.3,36.1,45.8,early_blight
26.5,25.1,5.28,411.5,43.0,40.0,41.7,early_blight
41.8,23.2,5.89,797.6,42.5,44.7,31.2,early_blight
33.1,21.4,5.14,673.3,48.5,50.0,46.5,early_blight
28.3,25.3,5.33,542.9,47.2,32.8,42.3,early_blight
27.7,23.8,5.48,475.6,30.6,37.6,36.1,early_blight
25.4,25.6,5.45,637.8,30.2,39.1,31.8,early_blight
30.9,23.1,5.22,765.1,30.6,48.1,38.9,early_blight
29.8,20.8,5.64,439.9,33.5,34.0,36.9,early_blight
26.7,24.5,5.16,735.6,45.3,33.9,42.2,early_blight
28.8,21.4,5.75,663.4,38.0,33.6,33.8,early_blight
42.1,20.9,5.04,536.3,32.1,41.8,47.2,early_blight
38.3,20.5,5.15,450.6,30.9,46.7,40.2,early_blight
28.2,22.5,5.27,572.3,46.4,50.0,32.0,early_blight
35.9,24.5,5.33,445.5,32.5,39.9,45.7,early_blight
25.7,21.0,5.63,538.1,45.1,42.1,31.1,early_blight
40.3,25.2,5.74,736.9,32.5,42.5,42.6,early_blight
34.6,24.7,5.9,498.2,34.0,31.7,41.1,early_blight
25.6,25.2,5.23,578.4,32.0,41.5,35.3,early_blight
34.3,21.0,5.85,520.4,39.2,31.0,34.3,early_blight
38.9,23.0,5.4,686.4,47.7,46.5,47.0,early_blight
40.6,25.5,5.63,455.2,46.3,33.2,45.7,early_blight
28.9,23.2,5.96,638.3,30.9,42.4,38.7,early_blight
27.9,22.5,5.6,573.9,35.7,44.8,50.0,early_blight
44.5,23.6,5.7,673.3,33.2,39.2,33.7,early_blight
30.6,25.6,5.83,484.0,49.3,38.4,39.5,early_blight
41.1,25.6,5.54,461.2,49.7,44.0,39.5,early_blight
42.2,24.7,5.96,593.8,40.1,48.2,41.8,early_blight
39.8,25.2,5.16,455.3,32.0,49.9,40.1,early_blight
36.6,23.8,5.11,537.8,30.4,48.6,31.8,early_blight
39.3,25.4,5.37,783.0,49.6,35.9,48.9,early_blight
31.7,25.2,5.06,487.4,34.4,34.5,30.4,early_blight
25.8,21.6,5.17,608.6,39.5,34.2,41.7,early_blight
36.4,22.0,5.09,471.8,30.1,37.7,34.8,early_blight
38.4,23.0,5.06,535.9,33.4,49.5,46.6,early_blight
32.1,22.1,5.92,552.2,46.7,36.0,41.6,early_blight
41.9,23.4,5.32,527.0,36.8,44.4,36.6,early_blight
37.8,21.5,5.53,564.1,31.4,47.7,41.7,early_blight
44.5,20.7,5.47,745.8,39.9,39.5,38.1,early_blight
25.2,23.2,5.66,795.6,30.2,44.1,44.2,early_blight
30.2,22.6,5.04,759.4,43.0,44.3,39.2,early_blight
32.6,24.7,5.54,439.5,30.6,49.7,42.9,early_blight
28.3,24.0,5.24,521.8,36.9,47.0,40.0,early_blight
68.2,21.4,6.12,1147.7,29.2,30.7,24.7,late_blight
65.4,17.3,5.58,1040.2,36.1,36.2,28.3,late_blight
76.8,16.7,6.13,993.7,25.9,37.3,36.6,late_blight
76.4,18.8,6.24,1109.7,35.5,22.6,33.7,late_blight
67.1,19.4,6.18,942.4,27.3,36.8,28.4,late_blight
77.4,17.5,5.86,1185.4,34.0,33.6,35.6,late_blight
70.6,20.0,6.07,1183.3,37.6,27.8,39.5,late_blight
78.7,21.0,6.14,927.8,36.7,29.1,28.8,late_blight
63.1,19.0,6.12,935.1,37.8,39.2,33.0,late_blight
78.3,18.9,6.31,888.6,38.7,33.1,32.7,late_blight
60.8,21.2,6.3,1072.1,27.8,20.7,37.8,late_blight
74.0,21.7,5.53,1179.8,24.9,38.6,26.9,late_blight
78.3,21.6,5.54,1010.0,30.8,20.7,37.1,late_blight
77.2,20.3,6.26,933.7,37.2,26.3,26.4,late_blight
74.3,17.4,5.9,1078.8,30.4,20.8,29.1,late_blight
67.8,16.1,5.58,881.3,31.8,25.3,34.2,late_blight
62.3,18.9,6.49,890.6,25.0,23.1,37.6,late_blight
71.6,16.7,5.94,882.4,33.4,38.6,24.4,late_blight
76.3,20.7,6.45,964.5,25.1,22.5,39.0,late_blight
72.1,19.2,5.69,1095.2,25.2,28.8,29.6,late_blight
77.7,17.9,6.01,965.2,33.4,36.0,32.0,late_blight
72.7,17.5,5.7,966.7,27.6,32.6,35.3,late_blight
69.7,18.1,5.52,1175.4,39.3,34.4,28.8,late_blight
66.2,20.7,6.07,978.4,24.6,29.9,37.5,late_blight
65.3,18.2,6.2,855.1,31.4,39.2,20.3,late_blight
71.2,20.3,5.88,985.2,21.1,34.5,32.3,late_blight
62.5,17.6,5.73,980.5,28.7,32.4,38.2,late_blight
62.2,18.3,6.06,1147.1,21.9,37.5,24.4,late_blight
62.8,20.0,5.81,893.8,35.8,39.1,24.2,late_blight
64.1,18.9,5.5,1099.4,30.4,23.6,28.9,late_blight
67.5,18.0,5.95,1128.0,26.2,37.8,32.1,late_blight
60.4,16.6,6.19,875.6,32.2,29.5,36.3,late_blight
77.1,18.4,6.07,928.8,27.5,37.8,37.7,late_blight
76.7,17.0,5.92,1114.4,29.1,22.7,29.3,late_blight
72.2,20.3,5.71,891.2,22.4,31.2,26.9,late_blight
75.6,17.9,5.79,1100.8,28.9,37.1,32.0,late_blight
71.2,18.7,6.09,1076.6,22.0,34.2,20.3,late_blight
69.0,17.6,5.62,1166.7,28.4,38.3,21.7,late_blight
76.3,21.2,6.06,835.2,34.8,28.2,25.5,late_blight
63.0,19.1,5.73,1114.6,31.5,38.0,23.7,late_blight
70.6,17.4,5.64,900.5,27.6,32.0,24.9,late_blight
67.0,21.2,5.68,1162.6,28.3,24.6,32.0,late_blight
79.0,21.1,6.06,843.2,33.1,31.8,28.1,late_blight
66.8,18.1,5.61,861.0,26.3,36.1,35.6,late_blight
62.9,22.0,6.42,910.1,36.4,30.5,39.1,late_blight
63.2,17.6,6.23,1149.8,22.9,34.6,33.7,late_blight
62.0,16.2,6.13,1180.9,33.3,21.4,29.6,late_blight
64.1,17.0,5.81,943.8,21.8,31.7,32.3,late_blight
68.0,16.1,5.94,1115.6,34.9,39.4,34.6,late_blight
73.5,19.4,6.21,962.5,22.8,33.6,27.7,late_blight
65.1,16.6,5.6,1087.4,29.2,38.7,30.3,late_blight
70.2,20.4,6.0,805.1,27.6,26.7,21.3,late_blight
78.7,21.6,5.63,850.2,37.4,38.6,34.5,late_blight
67.5,17.0,5.92,822.2,22.7,23.5,24.4,late_blight
62.9,21.9,6.48,890.4,29.8,34.3,30.1,late_blight
63.5,17.9,5.76,1086.2,21.1,20.6,30.7,late_blight
77.3,18.0,5.77,800.0,34.6,38.0,21.1,late_blight
73.7,18.9,6.43,1116.0,37.6,21.5,33.7,late_blight
60.2,20.9,5.75,833.0,35.5,32.1,29.8,late_blight
68.7,21.3,5.87,815.9,25.8,39.0,36.0,late_blight
70.7,16.4,5.87,949.5,30.3,30.9,33.5,late_blight
78.8,18.6,6.41,934.8,35.8,33.7,20.8,late_blight
73.9,17.9,5.75,1061.3,35.4,30.2,29.4,late_blight
66.5,20.1,5.96,882.2,39.0,36.3,26.9,late_blight
68.0,21.5,5.87,1047.0,39.2,39.4,22.2,late_blight
71.4,18.6,5.63,963.7,27.1,20.6,36.8,late_blight
71.4,21.4,5.59,1192.8,20.5,26.1,21.9,late_blight
75.0,16.8,6.16,1041.8,23.3,24.5,35.1,late_blight
78.1,19.9,6.4,1024.5,27.8,20.8,29.1,late_blight
74.7,19.3,5.58,848.1,32.7,37.9,28.8,late_blight
72.2,17.7,6.19,846.5,26.4,38.5,39.1,late_blight
73.8,17.4,6.48,1160.9,25.5,30.0,24.6,late_blight
65.5,20.8,6.06,896.1,26.8,34.0,25.3,late_blight
64.1,16.9,6.24,1056.7,28.0,31.2,22.8,late_blight
60.2,20.6,5.55,979.5,39.4,39.4,38.2,late_blight
67.5,20.0,6.4,800.3,34.0,21.8,36.8,late_blight
68.7,22.0,6.28,1069.8,20.9,25.4,35.4,late_blight
71.1,21.3,5.59,829.1,28.3,34.2,23.6,late_blight
79.3,16.8,5.59,988.7,37.5,21.5,30.0,late_blight
69.3,18.5,6.02,1099.7,21.2,31.6,37.8,late_blight
65.3,20.6,5.8,1139.9,24.7,34.7,32.8,late_blight
69.1,20.8,6.0,1165.3,34.0,38.1,31.5,late_blight
64.0,16.3,6.2,829.6,26.7,34.0,23.9,late_blight
70.6,17.0,6.48,860.1,39.2,33.3,25.0,late_blight
64.2,19.5,5.73,955.3,35.9,35.7,37.3,late_blight
66.3,17.5,6.11,863.5,35.0,20.8,22.6,late_blight
61.5,16.8,5.57,1097.2,29.5,21.9,24.0,late_blight
72.2,21.8,6.45,958.0,22.3,30.2,25.9,late_blight
73.4,18.5,6.13,1142.7,23.1,36.5,30.4,late_blight
63.5,19.8,6.45,970.8,36.2,35.2,32.8,late_blight
77.4,20.6,6.12,1192.0,27.0,24.6,20.8,late_blight
70.9,20.5,6.48,845.5,39.5,37.4,26.0,late_blight
67.6,18.9,5.85,891.5,36.6,34.2,20.2,late_blight
74.8,19.5,6.49,1184.5,38.4,22.5,25.5,late_blight
75.8,19.8,5.74,1156.1,31.6,30.2,39.2,late_blight
77.7,19.4,6.42,1123.3,32.2,24.2,29.9,late_blight
73.8,16.6,6.39,1001.1,29.8,22.6,26.1,late_blight
73.9,19.0,6.49,1138.0,20.5,25.8,27.1,late_blight
64.6,17.8,6.17,914.4,28.2,23.5,24.2,late_blight
68.1,18.1,6.29,826.2,27.9,20.5,31.0,late_blight
70.3,17.8,5.69,1141.0,25.2,39.4,31.4,late_blight
74.4,21.2,5.97,1173.1,37.5,25.4,23.9,late_blight
72.2,17.5,5.5,1059.6,35.1,37.0,36.4,late_blight
70.0,16.7,5.97,954.7,36.4,31.3,31.6,late_blight
63.0,16.3,5.6,887.2,25.5,20.5,32.8,late_blight
77.7,21.1,5.88,998.7,32.9,20.9,38.1,late_blight
68.4,16.3,6.22,1097.4,32.9,21.0,37.2,late_blight
75.4,20.8,6.03,893.2,23.7,27.1,38.7,late_blight
70.4,19.7,5.85,837.3,37.4,28.8,27.9,late_blight
78.0,19.1,6.47,840.8,29.0,23.1,29.8,late_blight
61.3,18.0,5.86,1133.9,28.6,28.6,27.6,late_blight
78.2,16.4,6.08,1112.8,33.3,32.1,39.5,late_blight
68.4,16.9,5.93,1182.6,33.1,35.9,34.7,late_blight
70.2,17.6,5.69,1071.2,37.7,33.1,39.1,late_blight
66.5,20.8,6.08,1068.5,38.7,24.8,34.1,late_blight
71.2,16.9,6.21,991.6,39.0,27.9,32.2,late_blight
60.7,21.6,5.73,1157.1,32.6,33.7,35.0,late_blight
65.1,16.0,5.53,1082.4,30.7,31.1,24.8,late_blight
67.2,21.8,5.71,899.4,23.6,29.0,26.2,late_blight
65.0,17.1,5.77,922.2,21.9,22.8,20.3,late_blight
62.4,21.8,5.96,819.9,36.9,38.8,25.4,late_blight
75.3,20.1,6.08,1053.9,40.0,29.1,33.6,late_blight
75.7,21.1,5.86,1187.7,33.4,38.2,30.6,late_blight
78.4,18.7,6.42,828.1,37.7,37.4,37.9,late_blight
77.8,21.5,6.25,1000.7,28.3,32.6,32.3,late_blight
79.5,16.2,6.16,1048.7,37.7,21.4,22.3,late_blight
69.8,17.3,6.06,1100.1,29.1,39.8,23.9,late_blight
74.6,16.7,6.26,1048.1,22.4,33.5,24.6,late_blight
79.5,19.4,5.87,950.6,28.3,29.0,28.3,late_blight
77.8,20.7,5.78,1191.6,34.2,21.4,28.9,late_blight
63.3,20.7,6.28,891.5,39.6,34.4,22.8,late_blight
60.6,16.4,6.31,1131.3,22.5,35.6,23.2,late_blight
77.2,21.6,5.85,940.9,32.8,37.5,31.8,late_blight
79.6,16.1,5.9,1118.6,23.7,26.8,39.1,late_blight
61.6,19.8,6.37,1159.3,23.3,27.0,21.8,late_blight
76.8,20.1,5.84,1012.3,29.5,31.6,35.4,late_blight
69.7,21.9,6.2,1145.2,36.6,23.1,39.6,late_blight
65.4,21.4,6.07,981.1,26.3,27.8,24.3,late_blight
66.2,16.9,5.56,1118.8,26.0,26.9,38.7,late_blight
74.0,19.9,6.26,934.6,38.5,37.0,33.8,late_blight
66.0,20.2,6.32,863.1,38.2,31.0,22.9,late_blight
63.7,18.7,5.86,889.5,36.2,37.7,30.5,late_blight
77.4,21.0,6.42,1188.4,29.2,33.1,22.6,late_blight
73.8,20.9,5.65,853.6,35.7,21.3,35.0,late_blight
70.4,19.2,5.96,1157.4,25.5,36.6,24.9,late_blight
62.3,21.9,6.15,864.8,26.6,28.6,25.9,late_blight
79.2,17.4,6.4,908.3,26.5,28.2,21.7,late_blight
70.9,17.1,6.35,1073.8,20.5,26.0,30.4,late_blight
63.9,21.3,5.99,955.4,32.0,28.4,30.8,late_blight
66.7,19.5,6.3,1186.5,37.6,30.3,20.2,late_blight
68.7,19.6,6.32,1198.6,24.0,29.4,20.8,late_blight
72.7,19.7,6.35,1003.4,28.6,36.5,27.4,late_blight
75.3,16.4,6.41,971.7,29.5,36.0,32.3,late_blight
79.0,20.2,6.0,980.8,29.9,24.4,37.8,late_blight
68.4,21.9,5.77,1037.5,25.9,32.1,28.2,late_blight
70.7,18.0,5.71,1151.4,27.5,26.5,20.4,late_blight
67.5,20.3,6.26,1190.2,30.6,20.6,26.9,late_blight
71.2,21.5,5.82,1059.1,35.0,28.2,30.3,late_blight
67.9,16.6,5.58,822.8,32.2,38.1,29.5,late_blight
70.0,18.3,5.55,974.2,30.5,39.9,25.7,late_blight
69.9,20.1,6.39,855.1,31.5,29.0,20.2,late_blight
74.2,21.2,5.55,869.3,36.9,20.9,39.1,late_blight
76.3,19.9,5.84,933.2,23.9,38.7,33.4,late_blight
66.7,21.3,6.38,1063.9,35.0,36.8,22.5,late_blight
65.0,21.6,5.77,875.2,31.4,35.8,21.2,late_blight
65.2,21.4,5.81,1028.7,32.5,36.0,39.1,late_blight
78.5,18.0,6.27,962.3,34.8,33.0,24.7,late_blight
65.6,16.4,6.28,982.4,26.7,20.4,25.0,late_blight
66.8,20.4,5.99,877.6,25.5,24.7,31.3,late_blight
72.4,16.4,5.63,1124.7,29.1,25.8,31.4,late_blight
71.8,19.0,5.99,1072.2,20.3,27.5,33.5,late_blight
75.9,19.7,5.69,972.3,24.9,36.8,27.4,late_blight
67.3,18.1,5.82,844.6,25.9,35.3,22.9,late_blight
79.0,17.4,6.15,1034.4,35.2,28.1,38.1,late_blight
68.7,18.4,5.83,1031.1,31.8,37.7,30.9,late_blight
67.7,21.1,6.38,805.8,32.1,25.0,22.2,late_blight
75.5,17.5,6.31,910.4,35.4,20.6,23.3,late_blight
74.5,18.4,6.04,1192.4,38.6,36.7,23.2,late_blight
69.1,16.4,5.85,840.0,20.6,29.5,39.8,late_blight
73.3,16.4,6.39,926.6,25.4,32.8,21.0,late_blight
64.6,19.1,6.4,1157.8,25.2,37.4,33.0,late_blight
65.7,16.2,6.43,811.2,33.9,35.7,28.5,late_blight
63.5,16.8,5.78,1042.4,32.7,33.6,27.7,late_blight
72.7,18.5,6.32,1118.3,25.6,37.6,26.5,late_blight
66.9,21.1,5.75,1104.6,27.9,32.3,32.3,late_blight
73.5,18.5,6.49,1118.3,37.0,25.6,23.7,late_blight
73.5,21.7,5.88,963.2,25.0,33.8,30.0,late_blight
73.3,20.7,5.82,1178.1,24.9,30.1,37.7,late_blight
65.9,19.1,6.28,917.7,22.1,28.3,27.7,late_blight
65.5,21.9,5.52,1063.8,27.9,30.6,39.3,late_blight
62.5,20.8,6.24,1138.3,23.4,31.1,31.3,late_blight
63.2,20.3,5.6,1020.6,32.5,34.8,21.1,late_blight
62.8,20.2,5.74,1048.4,23.1,31.9,38.0,late_blight
65.5,20.8,6.39,826.7,39.6,25.0,22.9,late_blight
68.7,17.8,5.8,1026.6,34.7,31.1,30.2,late_blight
79.1,20.8,6.13,816.7,39.0,35.3,34.2,late_blight
77.0,18.7,5.82,1039.1,31.5,31.0,24.6,late_blight
68.6,19.6,5.93,992.0,29.7,38.0,22.1,late_blight
77.0,17.9,6.11,817.3,30.2,21.6,30.6,late_blight
74.6,19.7,5.9,834.1,31.1,37.8,34.0,late_blight
47.9,16.8,6.49,701.2,43.7,39.6,35.0,sclerotinia_rot
50.7,17.9,5.91,740.7,32.0,35.0,43.6,sclerotinia_rot
48.5,15.0,6.12,993.4,32.6,48.3,50.0,sclerotinia_rot
57.5,18.5,6.45,791.5,43.7,31.4,32.0,sclerotinia_rot
43.4,15.9,6.18,743.2,42.7,43.3,46.3,sclerotinia_rot
51.7,18.8,5.87,864.6,32.5,36.2,37.8,sclerotinia_rot
45.3,14.3,5.9,793.7,37.9,50.0,39.0,sclerotinia_rot
52.1,18.2,6.09,869.9,35.1,44.2,35.4,sclerotinia_rot
59.4,15.9,6.1,993.5,41.3,31.8,39.9,sclerotinia_rot
52.0,15.1,6.35,846.0,46.9,49.3,43.9,sclerotinia_rot
47.6,17.7,5.89,991.7,47.2,41.1,44.1,sclerotinia_rot
59.9,16.5,6.41,748.1,44.1,49.7,47.2,sclerotinia_rot
59.6,16.1,5.99,641.5,31.0,36.7,40.0,sclerotinia_rot
48.5,19.4,6.19,744.7,32.6,31.4,48.3,sclerotinia_rot
52.7,17.2,6.27,800.5,40.9,33.5,32.1,sclerotinia_rot
46.0,16.2,6.47,999.3,34.4,36.3,42.9,sclerotinia_rot
51.2,15.3,6.09,699.4,43.8,33.4,46.4,sclerotinia_rot
40.9,19.3,6.08,941.7,41.0,31.9,33.8,sclerotinia_rot
51.9,17.4,6.35,678.9,31.4,40.8,41.2,sclerotinia_rot
50.0,16.5,5.9,970.8,30.6,35.5,35.4,sclerotinia_rot
50.6,19.4,6.0,921.6,32.4,32.3,31.8,sclerotinia_rot
42.6,19.7,6.06,887.1,35.5,42.6,38.6,sclerotinia_rot
45.9,16.9,6.33,809.9,35.5,34.3,45.6,sclerotinia_rot
45.5,18.2,6.32,636.7,43.1,34.4,31.3,sclerotinia_rot
53.2,16.8,6.43,956.8,39.2,44.1,34.0,sclerotinia_rot
41.2,15.7,5.82,972.9,34.5,33.1,49.0,sclerotinia_rot
48.1,17.3,5.87,862.1,47.3,34.7,46.3,sclerotinia_rot
43.8,16.6,6.35,619.6,40.1,44.4,41.0,sclerotinia_rot
44.3,19.3,6.5,605.5,38.7,38.9,49.5,sclerotinia_rot
56.8,16.5,6.25,791.0,43.4,30.6,33.5,sclerotinia_rot
44.1,15.9,6.04,901.3,32.5,46.9,34.7,sclerotinia_rot
42.9,19.5,5.97,811.2,40.9,47.0,32.7,sclerotinia_rot
41.0,14.1,6.39,786.7,31.6,47.3,39.0,sclerotinia_rot
45.7,14.1,5.9,820.7,33.7,35.0,31.6,sclerotinia_rot
55.4,17.8,5.83,752.6,42.9,42.3,45.9,sclerotinia_rot
44.7,16.7,6.06,785.0,48.8,34.8,46.6,sclerotinia_rot
48.0,19.9,6.47,738.0,49.4,42.6,47.6,sclerotinia_rot
45.4,18.9,6.42,688.8,35.2,42.3,36.2,sclerotinia_rot
53.4,14.6,6.0,918.3,46.1,31.7,40.8,sclerotinia_rot
54.4,16.3,6.29,867.6,42.7,38.7,36.8,sclerotinia_rot
50.2,14.5,5.88,720.5,38.3,35.1,30.4,sclerotinia_rot
59.8,14.4,6.42,852.8,34.9,46.8,39.0,sclerotinia_rot
52.6,14.9,5.84,708.2,32.6,35.5,47.5,sclerotinia_rot
49.8,16.9,6.03,874.5,34.1,30.1,42.5,sclerotinia_rot
40.7,17.5,5.92,645.1,36.1,30.2,35.6,sclerotinia_rot
45.7,16.9,6.05,884.6,48.9,41.3,32.2,sclerotinia_rot
46.8,14.7,6.39,842.1,36.2,47.2,46.1,sclerotinia_rot
45.7,17.6,6.22,922.9,48.6,39.2,43.1,sclerotinia_rot
51.7,15.7,6.28,957.4,48.4,30.0,37.4,sclerotinia_rot
44.1,19.0,6.05,817.6,40.4,34.3,37.6,sclerotinia_rot
59.2,19.7,6.04,609.1,30.1,32.7,46.7,sclerotinia_rot
45.8,18.6,6.14,712.6,39.7,43.3,43.4,sclerotinia_rot
59.9,19.6,5.87,761.3,30.4,33.6,32.2,sclerotinia_rot
41.9,18.1,6.18,708.7,49.6,48.6,33.0,sclerotinia_rot
46.9,14.3,6.33,967.8,41.7,46.6,45.1,sclerotinia_rot
40.1,17.3,6.08,600.3,45.6,48.3,42.4,sclerotinia_rot
44.6,19.4,5.85,657.5,48.3,34.6,49.1,sclerotinia_rot
55.3,19.4,6.25,711.6,36.6,30.8,33.0,sclerotinia_rot
58.2,16.5,6.08,670.2,43.4,48.1,33.9,sclerotinia_rot
47.8,19.8,5.96,689.0,37.8,46.6,48.7,sclerotinia_rot
45.6,20.0,6.22,858.4,44.3,49.5,33.3,sclerotinia_rot
43.2,14.1,6.38,866.1,30.2,39.0,44.8,sclerotinia_rot
59.9,15.5,6.04,607.9,38.7,40.8,43.6,sclerotinia_rot
56.9,15.0,6.11,616.3,36.4,33.1,43.5,sclerotinia_rot
45.6,14.8,5.88,690.8,42.9,31.2,47.9,sclerotinia_rot
55.5,18.0,5.92,616.0,30.2,45.8,42.4,sclerotinia_rot
56.7,16.0,6.48,670.8,36.4,43.1,31.2,sclerotinia_rot
57.6,14.5,6.3,662.8,37.1,43.3,31.4,sclerotinia_rot
49.2,19.1,6.08,909.1,43.9,46.0,46.8,sclerotinia_rot
59.5,17.7,5.86,883.8,32.5,37.8,44.9,sclerotinia_rot
52.2,14.9,6.1,930.3,32.9,41.6,34.3,sclerotinia_rot
57.1,17.4,5.93,909.2,41.8,35.6,49.6,sclerotinia_rot
52.2,14.7,6.1,839.4,46.6,47.4,46.4,sclerotinia_rot
40.4,16.0,5.86,649.0,42.5,41.1,41.6,sclerotinia_rot
55.3,15.3,5.99,709.8,35.1,35.6,46.2,sclerotinia_rot
56.5,16.0,6.36,611.1,35.1,40.9,42.7,sclerotinia_rot
43.5,15.6,6.4,710.9,48.2,38.4,33.2,sclerotinia_rot
57.2,14.6,5.88,797.8,42.8,32.8,42.9,sclerotinia_rot
51.1,16.4,5.84,785.4,45.2,36.3,49.2,sclerotinia_rot
47.9,17.2,6.31,835.0,49.8,49.2,46.7,sclerotinia_rot
48.9,15.3,6.46,979.3,44.0,46.3,35.9,sclerotinia_rot
45.4,14.1,5.94,827.8,37.0,31.6,45.5,sclerotinia_rot
41.8,18.1,6.0,707.6,38.7,31.4,35.2,sclerotinia_rot
59.5,18.4,6.1,724.1,40.2,49.4,32.7,sclerotinia_rot
50.8,14.3,6.5,933.5,46.0,48.0,42.2,sclerotinia_rot
53.4,15.9,6.26,826.3,44.6,33.4,44.7,sclerotinia_rot
40.6,17.8,5.81,650.8,34.8,39.0,39.0,sclerotinia_rot
44.9,19.2,6.0,839.7,38.1,38.3,49.5,sclerotinia_rot
50.3,19.8,6.14,688.3,45.3,30.2,46.3,sclerotinia_rot
52.3,16.8,5.95,983.7,32.5,33.4,44.2,sclerotinia_rot
59.9,15.0,6.03,730.5,36.1,45.3,36.9,sclerotinia_rot
43.7,14.9,6.38,840.0,45.6,37.9,43.0,sclerotinia_rot
42.6,15.2,6.4,818.1,37.0,32.3,44.7,sclerotinia_rot
51.1,16.4,6.35,736.6,49.1,35.2,47.2,sclerotinia_rot
44.1,16.6,5.82,993.9,47.3,49.0,36.7,sclerotinia_rot
45.2,17.7,5.88,845.7,48.1,36.6,37.3,sclerotinia_rot
42.1,17.3,6.39,924.3,37.4,31.1,48.7,sclerotinia_rot
40.5,18.3,6.03,881.7,47.6,34.3,44.6,sclerotinia_rot
48.7,16.4,6.32,644.4,49.3,32.7,30.6,sclerotinia_rot
50.9,16.4,5.95,885.2,32.1,43.4,37.6,sclerotinia_rot
54.1,15.5,6.5,664.4,35.2,47.4,34.3,sclerotinia_rot
50.0,14.8,6.44,651.3,34.7,31.3,38.1,sclerotinia_rot
51.9,19.5,5.83,637.6,46.7,43.5,43.2,sclerotinia_rot
42.5,17.7,5.85,672.1,46.2,47.3,44.5,sclerotinia_rot
42.5,14.3,5.91,840.6,40.7,48.4,33.0,sclerotinia_rot
51.0,14.4,6.46,909.0,42.1,39.9,35.0,sclerotinia_rot
46.2,19.8,6.17,600.2,49.1,45.6,41.0,sclerotinia_rot
50.2,18.8,5.94,693.5,46.9,34.0,49.8,sclerotinia_rot
59.0,17.7,5.88,991.9,44.0,44.6,34.8,sclerotinia_rot
58.4,16.2,6.32,718.4,33.5,45.7,44.1,sclerotinia_rot
52.4,19.1,6.3,654.2,35.0,38.6,44.6,sclerotinia_rot
47.3,17.9,6.08,916.8,48.3,44.4,32.0,sclerotinia_rot
59.4,18.4,6.39,655.8,41.4,36.3,31.6,sclerotinia_rot
46.5,18.7,6.17,613.4,32.2,45.6,44.3,sclerotinia_rot
43.3,19.4,6.43,749.0,48.9,45.8,40.0,sclerotinia_rot
48.3,15.7,6.35,874.7,43.1,43.0,48.5,sclerotinia_rot
47.4,19.7,6.11,964.9,38.8,39.8,38.3,sclerotinia_rot
54.9,16.0,6.33,927.7,36.2,42.0,43.9,sclerotinia_rot
52.9,17.8,6.28,892.0,44.5,40.6,45.6,sclerotinia_rot
43.6,19.8,6.29,872.1,40.6,44.9,49.8,sclerotinia_rot
52.1,14.5,5.87,647.8,34.9,40.1,49.2,sclerotinia_rot
58.2,16.5,6.04,926.2,38.6,44.3,38.8,sclerotinia_rot
57.6,14.1,5.83,695.0,37.2,42.4,39.0,sclerotinia_rot
41.0,18.8,6.45,783.6,40.3,30.0,48.6,sclerotinia_rot
54.2,19.3,6.07,626.0,40.5,46.1,43.8,sclerotinia_rot
58.2,15.1,6.17,828.5,31.6,38.9,47.1,sclerotinia_rot
54.5,18.7,6.41,644.6,31.5,49.9,47.3,sclerotinia_rot
47.1,19.4,6.27,977.4,31.0,40.2,31.6,sclerotinia_rot
54.5,19.7,5.95,679.3,41.5,41.9,32.9,sclerotinia_rot
55.7,19.9,5.91,669.7,35.7,40.6,45.1,sclerotinia_rot
43.6,15.8,6.39,940.2,44.0,48.4,47.5,sclerotinia_rot
45.1,16.9,5.86,629.1,30.2,32.5,40.0,sclerotinia_rot
57.1,19.4,6.49,854.2,39.2,44.2,41.2,sclerotinia_rot
57.1,19.2,6.46,707.0,36.0,31.0,36.5,sclerotinia_rot
40.5,14.2,6.38,635.8,30.1,46.0,34.6,sclerotinia_rot
58.1,19.3,6.16,868.0,44.8,40.5,39.7,sclerotinia_rot
55.0,15.5,5.93,705.1,48.7,35.5,49.9,sclerotinia_rot
46.6,17.4,6.01,674.8,49.5,45.2,48.1,sclerotinia_rot
44.6,18.2,6.1,707.1,34.1,31.4,48.4,sclerotinia_rot
45.2,18.0,5.98,883.4,43.4,47.2,36.3,sclerotinia_rot
56.8,18.1,6.39,806.1,38.1,33.8,33.7,sclerotinia_rot
59.5,15.6,5.82,795.2,41.5,31.7,42.8,sclerotinia_rot
50.9,16.6,6.32,714.6,46.5,30.8,43.6,sclerotinia_rot
54.1,14.7,6.17,982.6,34.4,40.1,49.0,sclerotinia_rot
57.9,14.5,5.82,966.6,45.9,39.1,34.8,sclerotinia_rot
45.3,15.8,6.0,972.7,40.6,44.0,48.8,sclerotinia_rot
41.4,17.4,6.27,653.3,36.8,32.8,33.8,sclerotinia_rot
41.9,19.5,6.03,744.7,43.8,31.3,38.9,sclerotinia_rot
51.5,16.7,6.17,904.9,33.8,36.5,36.5,sclerotinia_rot
43.8,19.6,5.86,721.5,31.4,31.3,34.9,sclerotinia_rot
45.2,15.0,6.44,760.5,39.0,30.8,46.1,sclerotinia_rot
48.7,19.1,6.33,818.3,31.3,45.7,33.8,sclerotinia_rot
57.8,16.4,6.29,853.8,40.3,39.7,49.1,sclerotinia_rot
48.1,18.2,5.84,752.9,36.1,40.3,34.1,sclerotinia_rot
55.9,16.9,6.21,716.5,38.0,47.9,45.9,sclerotinia_rot
51.4,19.7,6.26,812.0,41.7,45.9,34.8,sclerotinia_rot
43.8,19.3,5.9,761.5,45.9,35.0,34.5,sclerotinia_rot
51.7,18.3,6.18,993.4,32.3,37.2,43.4,sclerotinia_rot
40.7,17.5,5.98,934.7,46.9,32.4,48.3,sclerotinia_rot
40.3,17.8,5.93,638.4,40.8,39.2,37.6,sclerotinia_rot
57.3,19.4,6.15,679.1,30.2,46.5,32.1,sclerotinia_rot
52.8,14.9,6.33,805.3,48.0,35.2,43.4,sclerotinia_rot
57.2,17.4,5.86,690.9,47.3,33.8,33.6,sclerotinia_rot
57.4,15.5,5.84,806.5,47.7,41.1,35.3,sclerotinia_rot
42.6,15.1,6.02,957.9,42.8,38.6,41.0,sclerotinia_rot
50.2,17.8,5.95,634.2,43.0,38.6,32.5,sclerotinia_rot
56.9,16.5,5.86,955.6,32.1,42.1,47.2,sclerotinia_rot
47.7,18.4,6.22,807.8,36.5,32.2,48.7,sclerotinia_rot
57.5,17.6,6.01,624.9,37.8,30.4,32.2,sclerotinia_rot
42.6,15.0,6.34,678.5,39.4,35.2,30.1,sclerotinia_rot
50.2,15.0,6.22,909.5,33.3,40.3,46.8,sclerotinia_rot
40.9,16.8,5.83,754.6,36.4,43.2,38.7,sclerotinia_rot
56.0,19.1,6.5,989.1,30.4,42.2,48.1,sclerotinia_rot
55.5,19.4,6.44,895.2,39.0,39.3,33.6,sclerotinia_rot
52.0,14.3,5.92,834.0,32.8,31.8,39.5,sclerotinia_rot
52.0,17.3,6.36,951.8,30.8,38.5,36.9,sclerotinia_rot
42.3,16.6,6.04,615.8,47.6,40.7,37.4,sclerotinia_rot
45.6,17.7,6.44,681.6,44.7,31.5,43.2,sclerotinia_rot
41.6,14.4,6.13,860.4,46.3,35.2,32.0,sclerotinia_rot
48.6,14.5,6.09,734.7,37.8,44.8,49.4,sclerotinia_rot
42.0,15.6,6.24,660.8,43.8,42.4,37.1,sclerotinia_rot
51.6,18.5,6.26,868.9,40.0,39.0,38.7,sclerotinia_rot
43.4,19.7,6.08,648.9,34.9,34.8,30.7,sclerotinia_rot
59.2,16.5,5.82,656.0,32.3,44.9,31.7,sclerotinia_rot
47.3,14.3,6.02,981.4,38.6,31.2,45.5,sclerotinia_rot
47.5,15.1,6.32,653.4,45.4,49.7,34.9,sclerotinia_rot
55.9,18.3,6.33,601.7,30.2,47.1,42.3,sclerotinia_rot
57.3,18.7,6.18,817.2,43.9,30.2,49.5,sclerotinia_rot
43.9,15.5,6.24,605.8,49.0,47.9,30.6,sclerotinia_rot
47.9,15.3,6.14,812.5,33.8,49.3,41.5,sclerotinia_rot
55.9,15.7,6.3,804.6,46.3,30.9,34.5,sclerotinia_rot
55.5,18.4,6.46,656.7,49.6,46.6,35.5,sclerotinia_rot
42.2,15.7,6.04,979.1,41.8,31.8,40.0,sclerotinia_rot
46.1,15.9,5.9,842.6,36.4,35.3,34.4,sclerotinia_rot
52.6,16.0,6.14,879.2,42.2,40.1,36.8,sclerotinia_rot
49.0,16.7,6.44,936.2,41.8,33.5,39.3,sclerotinia_rot
47.3,16.6,6.37,666.3,32.3,38.0,33.1,sclerotinia_rot
40.1,19.0,6.25,754.2,45.5,47.7,44.5,sclerotinia_rot
58.9,18.6,6.33,869.2,36.2,33.7,45.1,sclerotinia_rot
46.7,17.6,6.22,976.0,43.4,34.8,31.6,sclerotinia_rot
73.6,21.0,5.25,789.9,24.6,36.8,23.0,pink_rot
56.6,21.1,5.38,922.9,29.9,22.9,32.7,pink_rot
71.2,18.9,5.74,963.3,36.5,28.7,37.9,pink_rot
58.5,23.8,5.16,1017.2,29.9,39.5,39.9,pink_rot
68.9,24.0,5.61,897.6,33.4,37.9,20.5,pink_rot
68.4,18.1,5.8,1088.0,22.4,21.8,33.4,pink_rot
66.0,21.2,5.26,989.7,28.8,36.7,23.7,pink_rot
67.9,22.7,5.35,1065.8,32.4,32.3,32.9,pink_rot
66.5,19.8,5.12,886.9,35.7,21.2,20.3,pink_rot
62.5,19.1,5.05,914.6,33.2,31.5,20.1,pink_rot
62.7,19.9,5.63,776.0,26.1,22.8,38.7,pink_rot
57.7,20.3,5.08,864.1,31.3,29.7,33.7,pink_rot
67.3,20.3,5.86,1021.4,32.3,23.2,38.2,pink_rot
73.4,22.4,5.23,1087.4,31.9,37.8,34.9,pink_rot
64.0,22.2,5.31,1038.8,21.0,26.4,29.4,pink_rot
74.1,22.2,5.42,1049.8,26.1,21.8,20.5,pink_rot
71.9,22.1,5.99,1070.0,39.2,39.5,39.9,pink_rot
60.5,20.4,5.8,916.8,27.7,29.0,36.0,pink_rot
65.9,23.8,5.34,775.5,26.9,35.2,21.8,pink_rot
67.6,18.1,5.69,1066.8,32.6,28.9,34.0,pink_rot
68.2,20.2,5.62,773.2,31.3,20.5,34.8,pink_rot
64.7,21.3,5.5,795.4,21.0,29.3,39.8,pink_rot
61.4,22.4,5.02,1058.1,20.3,27.1,20.0,pink_rot
69.5,21.5,5.77,977.2,33.7,29.2,23.6,pink_rot
62.2,20.0,5.56,1020.9,35.3,36.6,26.4,pink_rot
59.4,23.9,5.01,1100.0,35.8,23.2,22.5,pink_rot
74.7,18.6,5.63,1029.4,37.9,22.1,30.1,pink_rot
58.8,23.4,5.97,877.5,27.3,20.3,32.7,pink_rot
60.5,18.1,5.49,953.1,38.8,38.9,33.2,pink_rot
73.3,19.5,5.42,823.3,22.9,36.6,28.3,pink_rot
65.5,22.1,5.26,912.0,27.4,24.0,24.9,pink_rot
60.0,19.8,5.65,863.2,23.2,35.1,39.4,pink_rot
68.7,18.5,5.82,1064.0,33.5,31.6,39.5,pink_rot
74.5,19.7,5.38,950.2,31.5,33.5,21.6,pink_rot
68.8,22.1,5.62,703.3,27.5,20.8,39.6,pink_rot
62.9,19.4,5.18,1045.4,39.2,31.8,35.9,pink_rot
69.5,19.7,5.03,1037.6,37.9,27.7,38.7,pink_rot
68.4,21.4,5.96,727.5,28.0,23.5,35.4,pink_rot
63.6,20.3,5.82,975.3,39.9,37.1,21.9,pink_rot
57.4,23.9,5.5,934.3,23.8,21.0,24.5,pink_rot
66.7,21.2,5.37,739.9,20.9,22.1,28.1,pink_rot
66.8,21.6,5.66,732.5,36.2,26.1,22.9,pink_rot
68.4,19.6,5.49,934.3,26.7,33.7,34.2,pink_rot
70.1,18.6,5.28,881.4,22.5,23.8,28.5,pink_rot
66.6,21.9,5.29,818.4,33.3,32.9,30.7,pink_rot
62.0,21.0,5.11,735.6,22.3,32.4,37.0,pink_rot
57.5,18.8,5.69,1044.0,25.8,39.7,34.3,pink_rot
71.1,23.1,5.98,921.9,33.8,22.3,36.7,pink_rot
55.5,21.2,5.1,722.1,36.1,37.9,38.6,pink_rot
69.9,23.6,5.46,718.2,21.3,38.9,24.5,pink_rot
74.1,18.3,5.62,1016.4,26.3,29.2,31.6,pink_rot
57.0,20.3,5.59,761.8,31.5,32.1,30.8,pink_rot
60.1,22.0,5.17,994.7,32.9,36.2,38.1,pink_rot
65.5,22.1,5.89,721.5,38.6,25.0,37.1,pink_rot
61.1,20.1,5.51,783.0,33.0,34.2,32.7,pink_rot
71.0,20.2,5.95,785.5,20.6,30.4,36.3,pink_rot
58.0,18.3,5.96,888.2,22.4,39.3,26.8,pink_rot
72.5,18.1,5.49,825.7,31.5,31.3,36.6,pink_rot
59.3,18.7,5.53,996.5,32.1,24.9,27.2,pink_rot
63.0,19.8,5.39,763.5,29.1,20.5,27.8,pink_rot
60.6,23.6,5.77,981.1,20.6,32.6,31.7,pink_rot
59.6,20.8,5.39,865.6,37.8,29.3,21.1,pink_rot
72.1,23.4,5.16,1050.0,27.4,20.7,28.2,pink_rot
55.4,20.0,5.64,895.2,28.2,31.0,25.4,pink_rot
58.8,21.6,5.4,926.4,23.5,30.8,27.2,pink_rot
57.1,24.0,5.8,976.0,30.8,30.3,22.8,pink_rot
62.0,18.6,5.92,1014.0,27.8,24.6,35.8,pink_rot
59.3,20.0,5.89,925.1,23.6,20.6,28.2,pink_rot
63.0,23.0,5.9,931.9,28.2,20.6,23.0,pink_rot
68.5,22.5,5.23,838.0,22.9,29.1,21.5,pink_rot
61.1,21.9,5.84,985.8,25.3,23.6,38.5,pink_rot
71.4,22.1,5.1,937.9,25.3,30.2,26.5,pink_rot
60.9,18.1,5.21,836.6,36.3,37.9,36.3,pink_rot
67.2,18.1,5.61,1080.8,39.7,20.4,31.3,pink_rot
66.9,23.1,5.03,721.3,32.6,26.6,39.0,pink_rot
62.3,18.2,5.33,975.8,34.3,32.4,27.5,pink_rot
69.0,19.8,5.16,767.8,20.4,25.7,25.9,pink_rot
73.3,22.5,5.53,754.7,23.7,28.5,24.0,pink_rot
66.9,19.3,5.97,753.8,30.1,31.5,24.4,pink_rot
60.6,18.0,5.41,760.6,30.7,22.5,35.1,pink_rot
58.4,21.0,5.93,1015.3,26.6,38.9,32.0,pink_rot
57.3,19.1,5.94,926.4,34.3,36.5,37.8,pink_rot
60.2,23.5,5.06,815.0,25.2,30.2,25.8,pink_rot
74.2,18.7,5.17,756.0,35.5,38.8,29.8,pink_rot
55.3,23.8,5.52,717.1,30.9,36.1,27.9,pink_rot
72.7,21.1,5.15,785.2,23.7,21.2,31.3,pink_rot
71.6,18.0,5.19,897.7,25.8,28.7,24.1,pink_rot
57.0,18.4,5.01,711.7,36.1,23.8,32.8,pink_rot
72.9,21.2,5.11,789.7,26.4,28.6,23.7,pink_rot
72.1,21.7,5.55,1036.9,23.5,35.4,22.3,pink_rot
69.7,21.3,5.18,1015.6,33.0,30.3,26.4,pink_rot
68.6,23.3,5.14,925.0,34.1,39.8,21.7,pink_rot
58.0,18.6,5.05,912.0,21.6,35.7,25.1,pink_rot
61.5,23.3,5.74,731.1,25.5,37.6,29.5,pink_rot
65.8,19.3,5.5,1039.7,25.1,21.1,37.4,pink_rot
61.1,20.9,5.3,911.0,34.2,22.3,38.3,pink_rot
72.5,18.9,5.29,908.1,39.4,32.6,29.4,pink_rot
73.6,19.5,5.46,794.5,39.7,32.9,30.2,pink_rot
55.8,18.7,5.77,1012.3,25.8,38.6,36.6,pink_rot
56.0,21.2,5.73,743.2,36.6,30.7,26.1,pink_rot
55.2,19.6,5.99,845.9,39.6,27.9,32.5,pink_rot
57.9,23.3,5.27,898.9,39.6,23.0,24.7,pink_rot
70.7,18.8,5.58,705.1,22.3,29.1,31.7,pink_rot
73.8,18.8,5.26,1094.3,37.7,25.0,35.7,pink_rot
55.5,23.0,5.52,889.7,34.8,23.8,36.7,pink_rot
57.3,23.4,5.49,1045.3,30.3,24.8,21.3,pink_rot
66.3,23.2,5.81,808.6,28.3,25.4,35.1,pink_rot
59.6,18.3,5.51,762.9,24.0,35.0,40.0,pink_rot
58.7,19.8,5.41,1097.1,34.7,35.2,23.6,pink_rot
69.8,21.5,5.44,887.6,38.1,39.9,24.9,pink_rot
64.3,19.0,5.18,786.6,20.6,23.8,21.3,pink_rot
55.3,23.1,5.74,764.2,22.8,37.9,23.6,pink_rot
66.8,23.1,5.9,916.6,24.8,36.9,28.4,pink_rot
57.9,22.0,5.1,962.4,38.5,26.3,33.8,pink_rot
74.9,23.7,5.42,718.8,35.4,20.4,23.9,pink_rot
72.1,20.3,5.62,906.3,20.5,27.6,25.1,pink_rot
56.0,21.0,5.43,733.5,24.3,29.9,31.0,pink_rot
74.3,20.9,5.95,896.7,25.4,32.2,30.1,pink_rot
61.9,20.7,5.69,849.9,35.6,39.3,20.0,pink_rot
64.5,20.9,5.59,826.5,29.2,37.3,33.5,pink_rot
65.9,22.6,5.27,840.6,31.5,32.7,20.6,pink_rot
72.8,22.3,5.69,1012.9,27.8,34.6,35.7,pink_rot
67.4,19.7,5.79,716.4,34.1,26.1,31.9,pink_rot
69.3,22.5,5.59,999.8,29.1,36.9,27.8,pink_rot
64.7,22.8,5.05,1024.1,32.5,36.4,38.6,pink_rot
74.7,20.8,5.17,856.8,38.8,24.0,30.8,pink_rot
71.5,23.2,5.24,730.7,31.5,27.9,31.5,pink_rot
56.2,19.3,5.88,700.3,21.9,20.8,26.5,pink_rot
61.6,23.7,5.3,1024.4,28.5,34.9,22.7,pink_rot
72.8,18.8,5.42,984.3,34.8,27.6,21.4,pink_rot
72.3,20.5,5.99,930.9,25.0,37.1,30.6,pink_rot
55.2,23.0,5.61,870.3,39.2,29.9,37.9,pink_rot
72.4,18.1,5.24,1013.4,25.6,25.0,26.2,pink_rot
60.6,19.2,5.81,1002.3,38.9,26.9,40.0,pink_rot
69.7,19.4,5.5,1056.0,34.8,30.0,32.7,pink_rot
74.3,21.5,5.85,1007.7,35.1,26.9,33.0,pink_rot
71.5,20.7,5.92,893.0,23.5,20.2,30.7,pink_rot
58.4,23.9,5.95,921.9,35.8,33.5,22.9,pink_rot
65.6,18.2,5.44,714.9,22.7,32.3,32.2,pink_rot
64.9,21.5,5.92,874.5,23.5,34.2,27.3,pink_rot
63.5,22.9,5.55,1007.9,39.4,37.1,39.9,pink_rot
67.7,22.0,5.29,1018.9,25.5,20.7,27.4,pink_rot
68.6,19.1,5.04,885.1,26.1,39.9,25.2,pink_rot
58.7,18.9,5.29,789.7,27.9,39.0,24.6,pink_rot
69.3,21.0,5.33,977.7,22.9,24.5,28.4,pink_rot
63.1,20.6,5.23,783.9,22.6,38.9,34.6,pink_rot
63.5,21.3,5.89,983.4,23.9,36.2,36.4,pink_rot
63.9,23.6,5.53,975.6,27.0,28.7,26.7,pink_rot
72.2,23.0,5.97,1035.1,32.6,31.4,28.0,pink_rot
66.0,20.5,5.56,942.0,23.1,29.5,22.1,pink_rot
73.9,21.5,5.97,860.1,30.0,25.0,23.8,pink_rot
59.8,19.1,5.95,942.4,31.4,28.3,30.7,pink_rot
69.4,21.0,5.62,809.3,20.3,20.8,37.6,pink_rot
71.0,23.8,5.13,869.6,24.2,20.3,20.4,pink_rot
67.7,20.3,5.96,748.4,20.7,28.9,27.7,pink_rot
68.6,21.4,5.13,1096.1,31.8,30.3,31.8,pink_rot
60.6,22.8,5.27,808.0,36.2,21.0,30.7,pink_rot
62.8,21.4,5.57,962.6,31.3,26.1,26.3,pink_rot
63.0,22.4,5.69,1000.3,35.1,28.6,24.2,pink_rot
67.1,19.0,5.75,1017.3,33.9,31.3,34.5,pink_rot
61.4,19.8,5.57,856.3,34.4,22.4,31.3,pink_rot
64.3,19.6,5.34,888.0,36.0,20.9,22.9,pink_rot
55.7,21.0,5.64,824.8,37.1,37.1,36.6,pink_rot
71.8,23.6,5.04,1042.0,31.5,30.3,36.8,pink_rot
58.8,20.7,5.15,775.0,36.6,21.4,35.3,pink_rot
69.0,19.9,5.52,1042.9,29.0,25.9,35.9,pink_rot
57.3,18.6,5.58,917.4,39.8,23.7,38.5,pink_rot
58.2,23.3,5.64,759.8,23.2,34.5,31.8,pink_rot
68.1,20.8,5.51,1070.1,26.8,36.9,27.8,pink_rot
71.9,20.6,5.08,1042.7,20.5,20.4,35.8,pink_rot
55.1,19.0,5.22,776.4,26.2,30.6,39.5,pink_rot
70.3,21.4,5.95,700.9,38.9,38.9,25.5,pink_rot
74.7,19.8,5.76,955.8,38.7,25.0,23.9,pink_rot
57.5,18.1,5.91,970.8,39.9,33.7,20.2,pink_rot
65.1,23.9,5.28,804.8,22.4,38.6,39.5,pink_rot
73.4,18.7,5.54,978.3,24.1,21.7,24.5,pink_rot
61.0,22.3,5.04,1020.8,29.5,29.5,23.9,pink_rot
71.8,18.7,5.89,908.3,24.1,26.1,36.0,pink_rot
61.3,19.0,5.73,858.6,29.3,30.6,37.6,pink_rot
64.7,20.1,5.23,719.3,39.8,35.4,30.7,pink_rot
67.4,22.6,5.34,935.3,20.3,29.9,39.0,pink_rot
65.1,18.8,5.07,1043.7,36.3,35.9,30.0,pink_rot
62.3,19.5,5.48,711.0,34.3,27.3,21.8,pink_rot
61.1,23.8,5.96,995.6,25.0,24.0,29.0,pink_rot
74.0,23.5,5.72,735.8,37.2,35.7,26.8,pink_rot
72.1,20.1,5.53,811.9,22.3,28.7,21.6,pink_rot
74.1,23.7,5.81,715.6,28.1,21.6,27.3,pink_rot
62.9,20.7,5.35,839.0,21.9,31.0,25.5,pink_rot
68.0,21.2,5.98,904.6,23.7,39.7,27.9,pink_rot
65.8,23.9,5.9,786.2,32.6,30.4,25.4,pink_rot
74.2,21.7,5.11,704.3,28.0,38.9,29.2,pink_rot
73.5,23.2,5.34,762.8,20.7,34.5,39.7,pink_rot
71.8,19.0,5.47,923.1,25.9,28.9,25.4,pink_rot
74.3,23.8,5.86,700.7,33.5,25.3,33.5,pink_rot
58.6,19.8,5.57,1034.0,25.8,28.4,28.4,pink_rot
67.8,20.3,5.64,935.7,36.6,25.4,27.8,pink_rot
69.4,23.3,5.17,1006.5,29.0,33.4,30.3,pink_rot
71.3,22.0,5.9,993.0,38.0,38.2,33.6,pink_rot
67.9,23.4,5.18,897.4,35.4,28.3,32.0,pink_rot
72.6,18.2,5.61,910.7,38.9,30.1,29.2,pink_rot
71.1,21.8,5.46,1148.8,28.9,34.8,39.0,soft_rot
71.2,22.4,5.26,924.9,25.8,30.5,35.1,soft_rot
84.7,23.8,6.15,1112.2,16.8,32.7,37.8,soft_rot
88.2,21.6,6.04,961.5,11.6,23.0,26.2,soft_rot
74.6,24.3,5.75,957.6,16.9,28.8,37.9,soft_rot
80.2,20.6,5.64,1093.6,25.0,22.9,24.8,soft_rot
76.2,21.2,5.26,944.0,23.4,35.1,32.3,soft_rot
72.2,23.9,5.31,978.3,19.6,20.4,27.3,soft_rot
77.2,23.6,6.17,1363.4,15.6,30.7,25.8,soft_rot
82.8,24.5,5.89,1281.3,26.3,31.6,26.4,soft_rot
74.8,25.0,6.13,877.5,24.2,26.4,29.5,soft_rot
88.4,26.0,5.38,1034.9,21.6,29.0,24.3,soft_rot
88.4,21.3,5.6,1128.7,12.8,25.7,35.9,soft_rot
81.7,21.8,5.61,930.9,19.2,39.2,24.8,soft_rot
70.7,24.1,6.01,1117.0,26.6,30.0,28.0,soft_rot
74.1,20.1,5.37,1306.1,13.8,29.1,35.9,soft_rot
83.0,23.4,5.94,828.0,14.3,21.2,32.4,soft_rot
74.3,24.6,5.65,1119.4,26.3,32.1,20.9,soft_rot
78.3,20.6,6.0,859.5,29.9,31.0,30.7,soft_rot
77.1,22.8,5.64,1227.1,10.2,32.9,31.8,soft_rot
78.0,22.4,5.43,1051.3,23.1,23.1,30.8,soft_rot
70.6,21.9,5.86,1057.4,25.5,36.4,29.9,soft_rot
89.2,21.7,5.49,1261.2,20.5,25.3,36.1,soft_rot
82.5,24.4,5.55,1207.3,25.9,30.6,30.2,soft_rot
87.7,22.1,5.58,812.9,27.2,28.5,24.5,soft_rot
71.2,24.4,5.91,1290.6,21.2,23.6,29.3,soft_rot
83.5,22.1,5.48,1165.0,19.2,23.9,36.9,soft_rot
85.9,23.8,5.94,879.0,20.7,28.1,33.8,soft_rot
76.5,22.5,5.96,1208.6,12.6,21.4,32.8,soft_rot
73.3,24.4,5.28,1295.0,15.2,31.7,27.7,soft_rot
83.7,20.5,5.94,1256.3,12.4,21.9,32.3,soft_rot
80.7,23.5,6.14,1055.4,17.2,21.3,37.6,soft_rot
77.2,25.8,5.55,1138.9,27.1,22.3,28.3,soft_rot
72.0,20.6,5.28,888.6,18.7,24.4,37.1,soft_rot
75.1,25.4,5.59,826.5,17.9,33.4,37.1,soft_rot
87.6,25.4,5.21,1152.7,24.5,27.2,29.1,soft_rot
81.7,22.9,5.23,1186.2,19.5,29.0,22.3,soft_rot
83.5,23.9,5.71,1355.6,11.7,21.2,28.4,soft_rot
81.4,25.6,5.74,1196.0,18.6,33.7,25.5,soft_rot
87.5,20.8,5.55,906.8,16.5,36.0,23.8,soft_rot
70.4,23.8,6.06,1361.1,24.6,24.6,30.5,soft_rot
87.8,20.6,5.56,1250.5,12.4,21.8,33.8,soft_rot
73.8,21.7,5.46,1240.3,25.1,33.0,27.9,soft_rot
70.4,20.1,5.71,1321.8,16.5,34.4,31.2,soft_rot
85.4,22.9,5.71,1090.7,14.0,28.6,26.7,soft_rot
79.0,21.1,6.03,1173.9,18.5,36.2,23.5,soft_rot
84.8,23.2,6.08,1364.9,23.3,24.4,27.6,soft_rot
73.7,24.6,5.74,925.4,28.5,36.3,37.9,soft_rot
86.1,23.9,5.65,1109.7,11.2,21.2,29.1,soft_rot
85.6,20.9,5.61,1245.0,19.2,20.5,30.3,soft_rot
76.0,24.0,5.56,1248.6,23.6,33.1,28.8,soft_rot
89.1,24.4,5.8,809.3,28.0,23.7,32.3,soft_rot
81.6,25.5,6.13,895.4,22.9,25.1,25.0,soft_rot
78.9,21.6,6.12,955.0,29.6,24.1,38.0,soft_rot
71.6,21.0,5.44,1130.2,15.6,37.9,39.8,soft_rot
82.6,21.0,5.88,1253.6,20.8,38.5,23.1,soft_rot
73.0,25.3,5.54,1097.2,11.5,31.2,25.2,soft_rot
75.1,21.4,5.86,1141.9,17.8,38.4,33.3,soft_rot
84.1,22.1,5.39,955.9,27.4,31.1,36.1,soft_rot
89.9,20.9,5.41,850.9,28.5,28.5,32.0,soft_rot
70.4,25.7,5.99,986.2,21.6,20.7,30.0,soft_rot
75.4,21.2,5.83,1349.3,21.4,21.2,35.6,soft_rot
86.7,25.3,6.04,1154.2,24.9,20.4,39.2,soft_rot
86.5,20.4,6.02,1294.4,24.7,21.3,28.5,soft_rot
70.0,22.0,5.95,1133.1,28.0,38.4,31.6,soft_rot
80.0,20.9,5.76,851.1,19.5,24.3,26.9,soft_rot
72.4,22.5,5.5,1173.1,18.6,39.1,39.7,soft_rot
85.1,24.0,5.93,1083.3,12.6,33.4,28.0,soft_rot
89.1,23.0,6.03,1148.5,11.2,26.1,29.1,soft_rot
86.7,21.2,5.42,1150.8,11.4,32.6,27.5,soft_rot
70.3,23.1,5.57,1148.4,18.2,34.7,27.6,soft_rot
83.3,20.0,5.6,871.3,23.2,38.7,25.2,soft_rot
87.7,20.2,6.09,1135.4,22.2,38.9,34.1,soft_rot
73.4,22.0,5.23,1149.0,18.9,39.6,39.1,soft_rot
87.6,23.1,6.18,1139.3,23.5,36.4,34.1,soft_rot
74.2,20.5,5.44,1092.6,23.4,34.2,26.5,soft_rot
86.0,25.1,5.43,894.3,25.4,39.6,22.7,soft_rot
73.0,24.5,5.92,1175.2,26.7,20.7,27.6,soft_rot
77.8,22.7,6.06,1049.8,10.8,37.9,22.5,soft_rot
79.6,23.4,6.1,1337.8,24.6,21.1,36.0,soft_rot
78.4,22.9,5.7,1313.8,17.1,25.8,38.5,soft_rot
73.0,22.1,5.67,837.2,24.9,24.9,38.5,soft_rot
81.1,21.7,5.95,1289.8,24.0,28.4,29.7,soft_rot
70.7,21.1,5.35,1370.8,21.3,31.8,27.9,soft_rot
73.3,23.8,5.5,1165.6,20.2,21.1,31.2,soft_rot
73.8,22.0,5.82,1102.3,15.5,25.0,25.4,soft_rot
75.3,22.4,5.82,1177.0,18.8,24.3,32.7,soft_rot
83.4,22.6,5.34,850.5,23.7,27.0,33.2,soft_rot
87.0,23.8,5.3,1120.2,23.7,24.0,31.9,soft_rot
79.2,23.9,6.01,1130.7,29.3,20.0,26.9,soft_rot
82.1,21.1,5.48,923.4,13.1,26.3,26.2,soft_rot
84.2,21.6,5.59,928.2,23.6,32.5,25.3,soft_rot
73.8,20.7,5.78,1080.8,18.7,21.0,38.7,soft_rot
70.4,22.5,5.79,1244.5,26.0,37.4,40.0,soft_rot
73.3,25.8,6.18,1183.3,12.9,37.7,37.1,soft_rot
77.9,25.8,5.46,1165.2,21.0,23.5,26.6,soft_rot
89.2,21.2,5.81,1148.1,15.6,38.9,36.3,soft_rot
81.4,25.0,6.17,1086.0,25.8,25.7,29.6,soft_rot
74.3,21.5,5.47,1091.4,18.5,34.1,32.4,soft_rot
83.9,22.6,5.92,966.3,18.6,38.9,28.6,soft_rot
72.9,22.4,5.57,1304.0,13.6,34.6,32.1,soft_rot
87.2,25.3,5.76,825.6,11.7,21.9,24.2,soft_rot
77.2,21.7,6.15,1307.9,24.6,20.8,21.6,soft_rot
71.3,24.9,5.78,806.3,19.4,28.2,32.8,soft_rot
82.2,25.5,5.81,922.4,14.1,27.4,25.5,soft_rot
81.4,21.2,5.86,1232.4,12.8,33.9,32.6,soft_rot
81.8,20.0,5.94,977.7,26.4,32.4,39.0,soft_rot
85.0,21.4,6.15,904.3,28.5,25.8,35.0,soft_rot
76.1,24.8,5.25,808.4,11.3,26.9,26.1,soft_rot
75.4,24.5,6.0,1133.6,16.9,32.8,26.9,soft_rot
83.4,23.2,6.14,810.3,13.7,29.1,22.5,soft_rot
76.7,20.7,5.99,1047.6,13.5,20.4,26.3,soft_rot
87.6,25.7,5.43,1060.0,20.1,30.0,25.3,soft_rot
85.8,20.2,5.94,1051.1,18.2,29.8,30.1,soft_rot
73.5,21.2,5.3,1214.5,12.8,27.8,36.1,soft_rot
74.8,20.8,5.23,1087.3,10.5,36.0,30.8,soft_rot
81.9,23.3,5.54,1286.9,24.9,36.4,37.2,soft_rot
84.8,23.6,5.48,841.7,16.2,35.9,37.5,soft_rot
85.5,23.8,5.84,1168.5,14.4,33.1,34.5,soft_rot
88.2,21.3,5.22,1378.0,27.3,33.5,22.7,soft_rot
84.4,24.8,6.11,1382.8,14.4,34.2,25.3,soft_rot
72.1,24.0,5.32,1330.6,10.2,25.1,23.4,soft_rot
84.3,22.6,5.52,1267.1,10.5,36.9,27.3,soft_rot
80.1,22.9,6.14,922.0,12.2,33.2,29.3,soft_rot
70.1,24.1,5.81,960.4,14.3,39.1,22.8,soft_rot
84.6,23.6,6.15,835.4,10.6,39.1,30.3,soft_rot
82.3,22.8,5.39,1280.6,18.3,39.1,21.2,soft_rot
89.2,24.0,5.33,1211.8,22.2,33.2,37.3,soft_rot
88.8,24.3,5.6,860.7,18.2,25.3,24.4,soft_rot
78.9,24.5,5.23,1362.3,27.7,26.5,39.1,soft_rot
78.8,22.6,5.59,1323.4,11.6,29.5,31.1,soft_rot
70.4,23.0,5.52,1348.0,24.3,24.3,25.9,soft_rot
85.9,20.8,5.43,1107.7,13.7,24.8,32.8,soft_rot
73.7,24.3,5.77,1009.2,21.0,36.2,28.1,soft_rot
81.6,26.0,5.67,1215.0,29.6,27.7,24.9,soft_rot
72.6,22.9,5.95,1270.1,23.3,37.7,39.1,soft_rot
85.6,20.8,5.61,832.0,29.7,34.4,30.5,soft_rot
83.2,21.5,5.33,805.7,17.1,37.2,27.3,soft_rot
85.5,23.1,5.44,991.8,26.4,24.6,31.6,soft_rot
76.6,22.2,6.18,1105.8,25.7,23.5,29.4,soft_rot
78.4,25.6,5.39,1313.8,28.0,38.2,38.4,soft_rot
78.7,22.1,5.68,826.1,27.9,32.7,35.1,soft_rot
87.9,25.5,5.99,1105.4,29.1,36.7,36.2,soft_rot
89.5,24.9,5.52,1217.5,19.9,38.7,22.1,soft_rot
72.7,24.3,5.45,1160.0,23.5,40.0,23.0,soft_rot
77.1,23.2,5.54,1099.1,11.1,35.2,38.9,soft_rot
73.3,25.5,5.83,1144.6,20.4,39.1,23.5,soft_rot
87.9,21.2,5.69,909.7,13.3,30.0,32.5,soft_rot
70.4,21.1,5.45,864.6,13.6,35.5,29.4,soft_rot
78.5,21.2,5.81,929.6,17.1,28.6,26.8,soft_rot
83.7,23.3,6.2,1027.9,24.7,25.9,38.7,soft_rot
74.6,21.3,5.68,900.3,27.3,38.0,34.0,soft_rot
77.3,23.3,5.33,801.0,12.0,33.2,28.7,soft_rot
70.3,22.7,5.41,951.0,18.9,25.9,28.8,soft_rot
82.6,24.5,5.97,1251.1,18.5,30.5,26.8,soft_rot
86.5,24.4,6.11,1030.3,12.2,37.6,39.0,soft_rot
86.0,20.4,5.91,1335.4,21.3,25.3,27.4,soft_rot
71.0,21.5,5.94,1021.4,18.4,26.9,30.0,soft_rot
76.9,25.5,5.94,1225.0,12.1,33.8,29.2,soft_rot
75.4,25.8,5.46,1030.9,19.8,31.6,38.9,soft_rot
79.1,25.3,5.94,1382.1,10.1,32.3,30.1,soft_rot
77.5,25.4,5.72,1005.2,17.5,34.3,30.6,soft_rot
82.3,22.8,5.72,1359.9,24.3,23.9,26.7,soft_rot
81.7,25.1,5.22,1324.9,27.2,25.3,28.1,soft_rot
70.9,21.7,5.58,1266.0,24.3,35.8,33.6,soft_rot
70.2,25.5,5.94,1373.0,19.5,27.0,21.1,soft_rot
71.4,24.1,6.19,1212.7,22.7,28.1,28.0,soft_rot
75.1,20.8,5.77,1232.9,12.0,30.1,39.3,soft_rot
81.1,22.7,5.82,938.5,26.1,23.7,24.7,soft_rot
89.5,20.2,5.64,884.8,20.6,29.7,39.9,soft_rot
74.2,22.0,5.65,845.4,19.8,28.3,22.7,soft_rot
78.0,25.0,5.53,871.2,12.3,30.7,38.0,soft_rot
82.2,23.5,6.12,949.3,15.8,34.7,21.8,soft_rot
73.3,21.6,5.21,912.9,17.1,24.9,37.4,soft_rot
77.1,22.3,6.19,1367.8,10.3,36.1,33.7,soft_rot
78.9,24.4,6.04,931.6,25.0,29.7,28.6,soft_rot
75.5,23.5,5.89,812.2,15.7,39.4,23.7,soft_rot
89.5,23.6,6.06,1377.6,18.5,22.5,27.3,soft_rot
88.7,20.2,5.89,1032.2,17.3,20.5,24.6,soft_rot
86.9,23.0,5.57,930.7,19.7,31.4,35.3,soft_rot
70.0,23.9,5.93,881.5,15.1,33.4,21.0,soft_rot
79.9,21.4,5.45,1226.2,26.1,37.2,36.9,soft_rot
73.0,21.4,5.37,811.2,10.1,34.6,29.0,soft_rot
83.8,20.7,5.54,1082.3,11.0,25.5,36.3,soft_rot
79.0,21.9,6.08,939.6,24.0,32.3,30.8,soft_rot
85.0,20.7,5.32,973.0,21.1,25.0,26.3,soft_rot
76.5,25.3,6.07,939.3,14.0,33.4,25.9,soft_rot
85.2,22.7,5.64,1032.4,28.4,32.1,23.4,soft_rot
79.5,23.8,5.96,1082.6,14.7,21.7,23.5,soft_rot
80.3,24.9,5.56,1020.4,24.8,20.0,37.7,soft_rot
76.0,24.9,5.21,1141.5,14.2,36.9,28.6,soft_rot
89.6,23.0,5.51,1161.3,17.2,30.0,24.4,soft_rot
78.7,25.4,5.85,1332.6,23.6,37.5,23.4,soft_rot
78.0,25.0,5.84,1208.3,13.5,21.3,38.1,soft_rot
73.2,21.8,5.96,839.5,23.4,25.3,27.5,soft_rot
83.0,23.1,5.84,1318.6,25.2,36.9,26.6,soft_rot
76.7,24.7,6.04,1034.6,21.8,27.2,27.6,soft_rot
89.9,22.0,6.02,850.3,19.7,24.0,31.1,soft_rot
70.9,20.5,5.54,1136.1,11.2,30.4,37.1,soft_rot
75.3,24.4,6.13,1273.8,19.4,29.5,36.3,soft_rot
